Date,Product,Category,Sales,Current_Stock,Unit_Price,Promotion_Flag,Holiday_Flag,Lead_Time_Days
2025-01-01,Laptop,Electronics,29,477,70000,0,0,4
2025-01-01,Smartphone,Electronics,24,466,30000,0,0,4
2025-01-01,Headphones,Electronics,32,457,3000,0,0,6
2025-01-01,T-Shirt,Fashion,50,441,800,0,0,3
2025-01-01,Jeans,Fashion,51,433,1500,0,0,5
2025-01-01,Sneakers,Fashion,47,455,2500,0,0,4
2025-01-01,Rice,Groceries,78,421,60,0,0,2
2025-01-01,Milk,Groceries,96,422,30,1,0,6
2025-01-01,Coffee,Groceries,83,394,400,0,0,5
2025-01-02,Laptop,Electronics,41,434,70000,0,0,3
2025-01-02,Smartphone,Electronics,38,434,30000,0,0,6
2025-01-02,Headphones,Electronics,58,459,3000,1,0,7
2025-01-02,T-Shirt,Fashion,51,442,800,0,0,6
2025-01-02,Jeans,Fashion,49,472,1500,0,0,5
2025-01-02,Sneakers,Fashion,47,432,2500,0,0,6
2025-01-02,Rice,Groceries,84,433,60,0,0,4
2025-01-02,Milk,Groceries,85,418,30,0,0,3
2025-01-02,Coffee,Groceries,83,436,400,0,0,3
2025-01-03,Laptop,Electronics,46,431,70000,0,0,6
2025-01-03,Smartphone,Electronics,43,462,30000,0,0,2
2025-01-03,Headphones,Electronics,34,481,3000,0,0,7
2025-01-03,T-Shirt,Fashion,40,476,800,0,0,3
2025-01-03,Jeans,Fashion,54,443,1500,0,0,2
2025-01-03,Sneakers,Fashion,58,442,2500,0,0,6
2025-01-03,Rice,Groceries,92,424,60,0,0,5
2025-01-03,Milk,Groceries,106,417,30,1,0,7
2025-01-03,Coffee,Groceries,81,391,400,0,0,7
2025-01-04,Laptop,Electronics,45,448,70000,0,0,2
2025-01-04,Smartphone,Electronics,44,445,30000,0,0,4
2025-01-04,Headphones,Electronics,46,448,3000,0,0,5
2025-01-04,T-Shirt,Fashion,61,427,800,0,0,2
2025-01-04,Jeans,Fashion,63,436,1500,0,0,5
2025-01-04,Sneakers,Fashion,54,445,2500,0,0,2
2025-01-04,Rice,Groceries,111,387,60,1,0,2
2025-01-04,Milk,Groceries,95,444,30,0,0,3
2025-01-04,Coffee,Groceries,117,360,400,1,0,4
2025-01-05,Laptop,Electronics,54,433,70000,0,0,6
2025-01-05,Smartphone,Electronics,53,490,30000,0,0,2
2025-01-05,Headphones,Electronics,60,441,3000,0,0,4
2025-01-05,T-Shirt,Fashion,57,444,800,0,0,5
2025-01-05,Jeans,Fashion,87,363,1500,1,0,2
2025-01-05,Sneakers,Fashion,61,452,2500,0,0,7
2025-01-05,Rice,Groceries,92,397,60,0,0,2
2025-01-05,Milk,Groceries,95,415,30,0,0,4
2025-01-05,Coffee,Groceries,100,378,400,0,0,4
2025-01-06,Laptop,Electronics,48,447,70000,0,0,5
2025-01-06,Smartphone,Electronics,45,440,30000,0,0,6
2025-01-06,Headphones,Electronics,42,419,3000,0,0,4
2025-01-06,T-Shirt,Fashion,62,418,800,0,0,2
2025-01-06,Jeans,Fashion,56,421,1500,0,0,4
2025-01-06,Sneakers,Fashion,54,448,2500,0,0,4
2025-01-06,Rice,Groceries,91,379,60,0,0,7
2025-01-06,Milk,Groceries,90,426,30,0,0,3
2025-01-06,Coffee,Groceries,95,428,400,0,0,2
2025-01-07,Laptop,Electronics,39,480,70000,0,0,4
2025-01-07,Smartphone,Electronics,35,460,30000,0,0,7
2025-01-07,Headphones,Electronics,46,452,3000,0,0,4
2025-01-07,T-Shirt,Fashion,78,412,800,1,0,2
2025-01-07,Jeans,Fashion,60,415,1500,0,0,7
2025-01-07,Sneakers,Fashion,55,448,2500,0,0,7
2025-01-07,Rice,Groceries,85,394,60,0,0,3
2025-01-07,Milk,Groceries,94,427,30,0,0,6
2025-01-07,Coffee,Groceries,81,408,400,0,0,6
2025-01-08,Laptop,Electronics,42,455,70000,0,0,4
2025-01-08,Smartphone,Electronics,41,454,30000,0,0,7
2025-01-08,Headphones,Electronics,45,457,3000,0,0,2
2025-01-08,T-Shirt,Fashion,57,464,800,0,0,5
2025-01-08,Jeans,Fashion,57,458,1500,0,0,5
2025-01-08,Sneakers,Fashion,71,465,2500,0,0,5
2025-01-08,Rice,Groceries,89,401,60,0,0,4
2025-01-08,Milk,Groceries,86,447,30,0,0,3
2025-01-08,Coffee,Groceries,102,391,400,1,0,7
2025-01-09,Laptop,Electronics,38,480,70000,0,0,6
2025-01-09,Smartphone,Electronics,55,465,30000,0,0,4
2025-01-09,Headphones,Electronics,51,434,3000,0,0,2
2025-01-09,T-Shirt,Fashion,63,448,800,0,0,5
2025-01-09,Jeans,Fashion,49,424,1500,0,0,3
2025-01-09,Sneakers,Fashion,78,432,2500,1,0,3
2025-01-09,Rice,Groceries,95,405,60,0,0,6
2025-01-09,Milk,Groceries,92,410,30,0,0,3
2025-01-09,Coffee,Groceries,93,409,400,0,0,5
2025-01-10,Laptop,Electronics,41,501,70000,0,0,4
2025-01-10,Smartphone,Electronics,50,458,30000,0,0,3
2025-01-10,Headphones,Electronics,40,446,3000,0,0,7
2025-01-10,T-Shirt,Fashion,60,427,800,0,0,2
2025-01-10,Jeans,Fashion,67,413,1500,0,0,7
2025-01-10,Sneakers,Fashion,56,436,2500,0,0,6
2025-01-10,Rice,Groceries,91,407,60,0,0,5
2025-01-10,Milk,Groceries,93,419,30,0,0,2
2025-01-10,Coffee,Groceries,87,402,400,0,0,7
2025-01-11,Laptop,Electronics,55,422,70000,0,0,2
2025-01-11,Smartphone,Electronics,54,400,30000,0,0,5
2025-01-11,Headphones,Electronics,55,438,3000,0,0,2
2025-01-11,T-Shirt,Fashion,68,429,800,0,0,5
2025-01-11,Jeans,Fashion,62,479,1500,0,0,4
2025-01-11,Sneakers,Fashion,59,446,2500,0,0,6
2025-01-11,Rice,Groceries,93,406,60,0,0,3
2025-01-11,Milk,Groceries,95,421,30,0,0,3
2025-01-11,Coffee,Groceries,121,388,400,1,0,2
2025-01-12,Laptop,Electronics,51,438,70000,0,0,3
2025-01-12,Smartphone,Electronics,42,459,30000,0,0,6
2025-01-12,Headphones,Electronics,46,449,3000,0,0,6
2025-01-12,T-Shirt,Fashion,60,456,800,0,0,4
2025-01-12,Jeans,Fashion,63,436,1500,0,0,5
2025-01-12,Sneakers,Fashion,69,446,2500,0,0,2
2025-01-12,Rice,Groceries,89,426,60,0,0,2
2025-01-12,Milk,Groceries,98,393,30,0,0,7
2025-01-12,Coffee,Groceries,85,426,400,0,0,7
2025-01-13,Laptop,Electronics,60,445,70000,1,0,4
2025-01-13,Smartphone,Electronics,72,436,30000,1,0,7
2025-01-13,Headphones,Electronics,48,437,3000,0,0,4
2025-01-13,T-Shirt,Fashion,66,417,800,0,0,3
2025-01-13,Jeans,Fashion,45,444,1500,0,0,3
2025-01-13,Sneakers,Fashion,49,435,2500,0,0,4
2025-01-13,Rice,Groceries,76,431,60,0,0,5
2025-01-13,Milk,Groceries,82,409,30,0,0,4
2025-01-13,Coffee,Groceries,79,457,400,0,0,7
2025-01-14,Laptop,Electronics,44,446,70000,0,0,2
2025-01-14,Smartphone,Electronics,35,493,30000,0,0,4
2025-01-14,Headphones,Electronics,38,486,3000,0,0,4
2025-01-14,T-Shirt,Fashion,55,483,800,0,0,6
2025-01-14,Jeans,Fashion,81,425,1500,1,0,6
2025-01-14,Sneakers,Fashion,47,440,2500,0,0,2
2025-01-14,Rice,Groceries,84,426,60,0,0,7
2025-01-14,Milk,Groceries,66,428,30,0,0,4
2025-01-14,Coffee,Groceries,84,439,400,0,0,6
2025-01-15,Laptop,Electronics,39,487,70000,0,0,6
2025-01-15,Smartphone,Electronics,32,481,30000,0,0,7
2025-01-15,Headphones,Electronics,37,467,3000,0,0,3
2025-01-15,T-Shirt,Fashion,56,441,800,0,0,5
2025-01-15,Jeans,Fashion,56,441,1500,0,0,7
2025-01-15,Sneakers,Fashion,43,455,2500,0,0,6
2025-01-15,Rice,Groceries,91,407,60,1,0,4
2025-01-15,Milk,Groceries,84,374,30,0,0,4
2025-01-15,Coffee,Groceries,76,433,400,0,0,2
2025-01-16,Laptop,Electronics,65,428,70000,1,0,3
2025-01-16,Smartphone,Electronics,38,451,30000,0,0,3
2025-01-16,Headphones,Electronics,34,445,3000,0,0,3
2025-01-16,T-Shirt,Fashion,68,415,800,1,0,4
2025-01-16,Jeans,Fashion,52,472,1500,0,0,7
2025-01-16,Sneakers,Fashion,50,450,2500,0,0,7
2025-01-16,Rice,Groceries,80,451,60,0,0,3
2025-01-16,Milk,Groceries,82,424,30,0,0,7
2025-01-16,Coffee,Groceries,74,392,400,0,0,2
2025-01-17,Laptop,Electronics,34,440,70000,0,0,2
2025-01-17,Smartphone,Electronics,29,463,30000,0,0,2
2025-01-17,Headphones,Electronics,22,470,3000,0,0,2
2025-01-17,T-Shirt,Fashion,48,434,800,0,0,3
2025-01-17,Jeans,Fashion,55,484,1500,0,0,3
2025-01-17,Sneakers,Fashion,54,419,2500,0,0,3
2025-01-17,Rice,Groceries,67,432,60,0,0,2
2025-01-17,Milk,Groceries,74,416,30,0,0,4
2025-01-17,Coffee,Groceries,81,421,400,0,0,7
2025-01-18,Laptop,Electronics,67,431,70000,1,0,7
2025-01-18,Smartphone,Electronics,69,463,30000,1,0,4
2025-01-18,Headphones,Electronics,34,478,3000,0,0,5
2025-01-18,T-Shirt,Fashion,55,426,800,0,0,7
2025-01-18,Jeans,Fashion,53,422,1500,0,0,4
2025-01-18,Sneakers,Fashion,50,407,2500,0,0,6
2025-01-18,Rice,Groceries,80,435,60,0,0,6
2025-01-18,Milk,Groceries,83,396,30,0,0,7
2025-01-18,Coffee,Groceries,86,409,400,0,0,7
2025-01-19,Laptop,Electronics,40,457,70000,0,0,4
2025-01-19,Smartphone,Electronics,59,472,30000,1,0,6
2025-01-19,Headphones,Electronics,34,477,3000,0,0,7
2025-01-19,T-Shirt,Fashion,49,437,800,0,0,7
2025-01-19,Jeans,Fashion,56,437,1500,0,0,2
2025-01-19,Sneakers,Fashion,60,432,2500,0,0,4
2025-01-19,Rice,Groceries,70,460,60,0,0,2
2025-01-19,Milk,Groceries,80,436,30,0,0,7
2025-01-19,Coffee,Groceries,83,386,400,0,0,7
2025-01-20,Laptop,Electronics,40,482,70000,1,0,5
2025-01-20,Smartphone,Electronics,30,515,30000,0,0,4
2025-01-20,Headphones,Electronics,25,458,3000,0,0,6
2025-01-20,T-Shirt,Fashion,40,451,800,0,0,3
2025-01-20,Jeans,Fashion,40,476,1500,0,0,7
2025-01-20,Sneakers,Fashion,38,418,2500,0,0,5
2025-01-20,Rice,Groceries,70,437,60,0,0,5
2025-01-20,Milk,Groceries,76,451,30,0,0,4
2025-01-20,Coffee,Groceries,76,455,400,0,0,5
2025-01-21,Laptop,Electronics,27,489,70000,0,0,3
2025-01-21,Smartphone,Electronics,47,430,30000,1,0,7
2025-01-21,Headphones,Electronics,30,451,3000,0,0,4
2025-01-21,T-Shirt,Fashion,70,441,800,1,0,6
2025-01-21,Jeans,Fashion,42,435,1500,0,0,3
2025-01-21,Sneakers,Fashion,39,451,2500,0,0,3
2025-01-21,Rice,Groceries,71,450,60,0,0,6
2025-01-21,Milk,Groceries,67,446,30,0,0,2
2025-01-21,Coffee,Groceries,66,400,400,0,0,2
2025-01-22,Laptop,Electronics,25,491,70000,0,0,4
2025-01-22,Smartphone,Electronics,17,477,30000,0,0,5
2025-01-22,Headphones,Electronics,47,422,3000,1,0,5
2025-01-22,T-Shirt,Fashion,39,474,800,0,0,4
2025-01-22,Jeans,Fashion,39,438,1500,0,0,5
2025-01-22,Sneakers,Fashion,37,444,2500,0,0,6
2025-01-22,Rice,Groceries,77,416,60,0,0,7
2025-01-22,Milk,Groceries,83,394,30,0,0,3
2025-01-22,Coffee,Groceries,71,465,400,0,0,7
2025-01-23,Laptop,Electronics,31,427,70000,0,0,5
2025-01-23,Smartphone,Electronics,18,466,30000,0,0,7
2025-01-23,Headphones,Electronics,31,425,3000,0,0,4
2025-01-23,T-Shirt,Fashion,40,457,800,0,0,4
2025-01-23,Jeans,Fashion,68,440,1500,1,0,4
2025-01-23,Sneakers,Fashion,43,465,2500,0,0,4
2025-01-23,Rice,Groceries,81,400,60,1,0,3
2025-01-23,Milk,Groceries,61,474,30,0,0,3
2025-01-23,Coffee,Groceries,82,440,400,1,0,3
2025-01-24,Laptop,Electronics,30,456,70000,0,0,2
2025-01-24,Smartphone,Electronics,26,472,30000,0,0,7
2025-01-24,Headphones,Electronics,25,455,3000,0,0,4
2025-01-24,T-Shirt,Fashion,58,468,800,1,0,4
2025-01-24,Jeans,Fashion,44,477,1500,0,0,2
2025-01-24,Sneakers,Fashion,40,456,2500,0,0,5
2025-01-24,Rice,Groceries,71,441,60,0,0,6
2025-01-24,Milk,Groceries,61,450,30,0,0,2
2025-01-24,Coffee,Groceries,79,420,400,0,0,6
2025-01-25,Laptop,Electronics,34,485,70000,0,0,5
2025-01-25,Smartphone,Electronics,47,448,30000,0,0,2
2025-01-25,Headphones,Electronics,35,417,3000,0,0,3
2025-01-25,T-Shirt,Fashion,46,457,800,0,0,5
2025-01-25,Jeans,Fashion,52,445,1500,0,0,4
2025-01-25,Sneakers,Fashion,43,509,2500,0,0,7
2025-01-25,Rice,Groceries,69,428,60,0,0,5
2025-01-25,Milk,Groceries,79,425,30,0,0,4
2025-01-25,Coffee,Groceries,84,401,400,0,0,6
2025-01-26,Laptop,Electronics,29,435,70000,0,0,6
2025-01-26,Smartphone,Electronics,26,465,30000,0,0,4
2025-01-26,Headphones,Electronics,39,449,3000,0,0,2
2025-01-26,T-Shirt,Fashion,48,464,800,0,0,5
2025-01-26,Jeans,Fashion,51,461,1500,0,0,6
2025-01-26,Sneakers,Fashion,53,474,2500,0,0,2
2025-01-26,Rice,Groceries,106,414,60,1,0,2
2025-01-26,Milk,Groceries,103,399,30,1,0,7
2025-01-26,Coffee,Groceries,75,437,400,0,0,3
2025-01-27,Laptop,Electronics,30,485,70000,0,0,5
2025-01-27,Smartphone,Electronics,32,457,30000,0,0,2
2025-01-27,Headphones,Electronics,32,427,3000,0,0,6
2025-01-27,T-Shirt,Fashion,37,488,800,0,0,5
2025-01-27,Jeans,Fashion,43,484,1500,0,0,7
2025-01-27,Sneakers,Fashion,46,459,2500,0,0,3
2025-01-27,Rice,Groceries,67,385,60,0,0,3
2025-01-27,Milk,Groceries,72,449,30,0,0,4
2025-01-27,Coffee,Groceries,85,401,400,0,0,5
2025-01-28,Laptop,Electronics,46,483,70000,1,0,5
2025-01-28,Smartphone,Electronics,27,467,30000,0,0,7
2025-01-28,Headphones,Electronics,31,483,3000,0,0,6
2025-01-28,T-Shirt,Fashion,34,441,800,0,0,5
2025-01-28,Jeans,Fashion,43,440,1500,0,0,7
2025-01-28,Sneakers,Fashion,43,458,2500,0,0,5
2025-01-28,Rice,Groceries,77,412,60,0,0,7
2025-01-28,Milk,Groceries,71,417,30,0,0,2
2025-01-28,Coffee,Groceries,96,414,400,1,0,7
2025-01-29,Laptop,Electronics,58,430,70000,1,0,7
2025-01-29,Smartphone,Electronics,50,468,30000,1,0,6
2025-01-29,Headphones,Electronics,42,476,3000,0,0,7
2025-01-29,T-Shirt,Fashion,34,448,800,0,0,4
2025-01-29,Jeans,Fashion,47,459,1500,0,0,2
2025-01-29,Sneakers,Fashion,45,439,2500,0,0,7
2025-01-29,Rice,Groceries,75,460,60,0,0,7
2025-01-29,Milk,Groceries,96,424,30,1,0,4
2025-01-29,Coffee,Groceries,82,395,400,0,0,4
2025-01-30,Laptop,Electronics,33,501,70000,0,0,5
2025-01-30,Smartphone,Electronics,34,480,30000,0,0,4
2025-01-30,Headphones,Electronics,28,483,3000,0,0,6
2025-01-30,T-Shirt,Fashion,67,435,800,1,0,4
2025-01-30,Jeans,Fashion,55,451,1500,0,0,5
2025-01-30,Sneakers,Fashion,52,418,2500,0,0,2
2025-01-30,Rice,Groceries,76,406,60,0,0,6
2025-01-30,Milk,Groceries,79,412,30,0,0,3
2025-01-30,Coffee,Groceries,76,446,400,0,0,7
2025-01-31,Laptop,Electronics,32,477,70000,0,0,5
2025-01-31,Smartphone,Electronics,40,439,30000,0,0,7
2025-01-31,Headphones,Electronics,31,468,3000,0,0,4
2025-01-31,T-Shirt,Fashion,60,425,800,0,0,5
2025-01-31,Jeans,Fashion,49,410,1500,0,0,4
2025-01-31,Sneakers,Fashion,53,446,2500,0,0,4
2025-01-31,Rice,Groceries,82,407,60,0,0,6
2025-01-31,Milk,Groceries,82,429,30,0,0,5
2025-01-31,Coffee,Groceries,78,399,400,0,0,6
2025-02-01,Laptop,Electronics,63,467,70000,1,0,4
2025-02-01,Smartphone,Electronics,43,464,30000,0,0,6
2025-02-01,Headphones,Electronics,47,466,3000,0,0,3
2025-02-01,T-Shirt,Fashion,62,437,800,0,0,7
2025-02-01,Jeans,Fashion,68,382,1500,0,0,4
2025-02-01,Sneakers,Fashion,62,432,2500,0,0,3
2025-02-01,Rice,Groceries,89,439,60,0,0,7
2025-02-01,Milk,Groceries,82,430,30,0,0,2
2025-02-01,Coffee,Groceries,86,413,400,0,0,7
2025-02-02,Laptop,Electronics,39,500,70000,0,0,6
2025-02-02,Smartphone,Electronics,56,436,30000,0,0,3
2025-02-02,Headphones,Electronics,39,476,3000,0,0,6
2025-02-02,T-Shirt,Fashion,66,450,800,0,0,2
2025-02-02,Jeans,Fashion,74,425,1500,0,0,5
2025-02-02,Sneakers,Fashion,62,422,2500,0,0,2
2025-02-02,Rice,Groceries,87,407,60,0,0,3
2025-02-02,Milk,Groceries,89,422,30,0,0,5
2025-02-02,Coffee,Groceries,99,419,400,0,0,7
2025-02-03,Laptop,Electronics,48,482,70000,0,0,2
2025-02-03,Smartphone,Electronics,42,471,30000,0,0,7
2025-02-03,Headphones,Electronics,39,509,3000,0,0,4
2025-02-03,T-Shirt,Fashion,82,421,800,1,0,3
2025-02-03,Jeans,Fashion,64,426,1500,0,0,5
2025-02-03,Sneakers,Fashion,50,439,2500,0,0,6
2025-02-03,Rice,Groceries,100,398,60,0,0,3
2025-02-03,Milk,Groceries,88,372,30,0,0,4
2025-02-03,Coffee,Groceries,88,391,400,0,0,6
2025-02-04,Laptop,Electronics,44,447,70000,0,0,2
2025-02-04,Smartphone,Electronics,47,470,30000,0,0,5
2025-02-04,Headphones,Electronics,46,469,3000,0,0,5
2025-02-04,T-Shirt,Fashion,58,462,800,0,0,5
2025-02-04,Jeans,Fashion,65,404,1500,0,0,3
2025-02-04,Sneakers,Fashion,52,420,2500,0,0,4
2025-02-04,Rice,Groceries,94,421,60,0,0,4
2025-02-04,Milk,Groceries,95,374,30,0,0,3
2025-02-04,Coffee,Groceries,87,436,400,0,0,7
2025-02-05,Laptop,Electronics,51,416,70000,0,0,2
2025-02-05,Smartphone,Electronics,45,440,30000,0,0,2
2025-02-05,Headphones,Electronics,67,408,3000,1,0,2
2025-02-05,T-Shirt,Fashion,50,444,800,0,0,4
2025-02-05,Jeans,Fashion,55,405,1500,0,0,5
2025-02-05,Sneakers,Fashion,50,441,2500,0,0,4
2025-02-05,Rice,Groceries,104,369,60,1,0,5
2025-02-05,Milk,Groceries,92,432,30,0,0,6
2025-02-05,Coffee,Groceries,86,449,400,0,0,7
2025-02-06,Laptop,Electronics,42,446,70000,0,0,3
2025-02-06,Smartphone,Electronics,38,474,30000,0,0,6
2025-02-06,Headphones,Electronics,64,396,3000,1,0,7
2025-02-06,T-Shirt,Fashion,57,393,800,0,0,4
2025-02-06,Jeans,Fashion,60,449,1500,0,0,2
2025-02-06,Sneakers,Fashion,60,406,2500,0,0,5
2025-02-06,Rice,Groceries,85,425,60,0,0,6
2025-02-06,Milk,Groceries,86,452,30,0,0,6
2025-02-06,Coffee,Groceries,113,362,400,1,0,3
2025-02-07,Laptop,Electronics,45,458,70000,0,0,2
2025-02-07,Smartphone,Electronics,45,463,30000,0,0,2
2025-02-07,Headphones,Electronics,49,487,3000,0,0,7
2025-02-07,T-Shirt,Fashion,59,447,800,0,0,6
2025-02-07,Jeans,Fashion,68,441,1500,0,0,5
2025-02-07,Sneakers,Fashion,64,433,2500,0,0,6
2025-02-07,Rice,Groceries,96,398,60,0,0,7
2025-02-07,Milk,Groceries,83,384,30,0,0,6
2025-02-07,Coffee,Groceries,101,421,400,0,0,2
2025-02-08,Laptop,Electronics,53,442,70000,0,0,7
2025-02-08,Smartphone,Electronics,52,480,30000,0,0,6
2025-02-08,Headphones,Electronics,40,505,3000,0,0,6
2025-02-08,T-Shirt,Fashion,59,444,800,0,0,5
2025-02-08,Jeans,Fashion,71,440,1500,0,0,3
2025-02-08,Sneakers,Fashion,74,427,2500,0,0,4
2025-02-08,Rice,Groceries,101,404,60,0,0,2
2025-02-08,Milk,Groceries,91,399,30,0,0,6
2025-02-08,Coffee,Groceries,97,383,400,0,0,6
2025-02-09,Laptop,Electronics,57,430,70000,0,0,4
2025-02-09,Smartphone,Electronics,53,437,30000,0,0,3
2025-02-09,Headphones,Electronics,47,448,3000,0,0,4
2025-02-09,T-Shirt,Fashion,69,438,800,0,0,2
2025-02-09,Jeans,Fashion,74,424,1500,0,0,2
2025-02-09,Sneakers,Fashion,62,439,2500,0,0,6
2025-02-09,Rice,Groceries,97,403,60,0,0,2
2025-02-09,Milk,Groceries,92,417,30,0,0,2
2025-02-09,Coffee,Groceries,96,419,400,0,0,3
2025-02-10,Laptop,Electronics,49,432,70000,0,0,5
2025-02-10,Smartphone,Electronics,40,465,30000,0,0,5
2025-02-10,Headphones,Electronics,37,457,3000,0,0,2
2025-02-10,T-Shirt,Fashion,56,453,800,0,0,2
2025-02-10,Jeans,Fashion,53,432,1500,0,0,4
2025-02-10,Sneakers,Fashion,65,401,2500,0,0,7
2025-02-10,Rice,Groceries,91,378,60,0,0,3
2025-02-10,Milk,Groceries,97,391,30,0,0,2
2025-02-10,Coffee,Groceries,93,396,400,0,0,5
2025-02-11,Laptop,Electronics,34,477,70000,0,0,7
2025-02-11,Smartphone,Electronics,48,486,30000,0,0,2
2025-02-11,Headphones,Electronics,39,436,3000,0,0,5
2025-02-11,T-Shirt,Fashion,59,460,800,0,0,5
2025-02-11,Jeans,Fashion,62,440,1500,0,0,3
2025-02-11,Sneakers,Fashion,56,413,2500,0,0,7
2025-02-11,Rice,Groceries,95,413,60,0,0,7
2025-02-11,Milk,Groceries,83,420,30,0,0,6
2025-02-11,Coffee,Groceries,82,430,400,0,0,3
2025-02-12,Laptop,Electronics,48,445,70000,0,0,2
2025-02-12,Smartphone,Electronics,40,467,30000,0,0,7
2025-02-12,Headphones,Electronics,35,458,3000,0,0,6
2025-02-12,T-Shirt,Fashion,52,463,800,0,0,7
2025-02-12,Jeans,Fashion,52,452,1500,0,0,2
2025-02-12,Sneakers,Fashion,49,451,2500,0,0,6
2025-02-12,Rice,Groceries,80,402,60,0,0,3
2025-02-12,Milk,Groceries,79,406,30,0,0,2
2025-02-12,Coffee,Groceries,80,376,400,0,0,5
2025-02-13,Laptop,Electronics,41,448,70000,0,0,7
2025-02-13,Smartphone,Electronics,39,411,30000,0,0,2
2025-02-13,Headphones,Electronics,36,487,3000,0,0,3
2025-02-13,T-Shirt,Fashion,56,455,800,0,0,5
2025-02-13,Jeans,Fashion,51,438,1500,0,0,7
2025-02-13,Sneakers,Fashion,79,430,2500,1,0,2
2025-02-13,Rice,Groceries,88,380,60,0,0,2
2025-02-13,Milk,Groceries,80,430,30,0,0,4
2025-02-13,Coffee,Groceries,106,413,400,1,0,3
2025-02-14,Laptop,Electronics,37,473,70000,0,0,5
2025-02-14,Smartphone,Electronics,22,483,30000,0,0,5
2025-02-14,Headphones,Electronics,28,497,3000,0,0,4
2025-02-14,T-Shirt,Fashion,49,438,800,0,0,7
2025-02-14,Jeans,Fashion,72,421,1500,1,0,2
2025-02-14,Sneakers,Fashion,48,469,2500,0,0,5
2025-02-14,Rice,Groceries,75,437,60,0,0,6
2025-02-14,Milk,Groceries,86,384,30,0,0,5
2025-02-14,Coffee,Groceries,86,427,400,0,0,7
2025-02-15,Laptop,Electronics,44,412,70000,0,0,7
2025-02-15,Smartphone,Electronics,47,468,30000,0,0,7
2025-02-15,Headphones,Electronics,41,438,3000,0,0,7
2025-02-15,T-Shirt,Fashion,55,452,800,0,0,6
2025-02-15,Jeans,Fashion,57,454,1500,0,0,4
2025-02-15,Sneakers,Fashion,57,487,2500,0,0,6
2025-02-15,Rice,Groceries,85,397,60,0,0,5
2025-02-15,Milk,Groceries,90,434,30,0,0,6
2025-02-15,Coffee,Groceries,89,415,400,0,0,2
2025-02-16,Laptop,Electronics,43,460,70000,0,0,3
2025-02-16,Smartphone,Electronics,44,446,30000,0,0,3
2025-02-16,Headphones,Electronics,43,467,3000,0,0,3
2025-02-16,T-Shirt,Fashion,48,446,800,0,0,2
2025-02-16,Jeans,Fashion,49,452,1500,0,0,5
2025-02-16,Sneakers,Fashion,54,447,2500,0,0,2
2025-02-16,Rice,Groceries,91,420,60,0,0,4
2025-02-16,Milk,Groceries,79,401,30,0,0,4
2025-02-16,Coffee,Groceries,100,364,400,1,0,6
2025-02-17,Laptop,Electronics,27,490,70000,0,0,7
2025-02-17,Smartphone,Electronics,35,465,30000,0,0,2
2025-02-17,Headphones,Electronics,46,436,3000,1,0,2
2025-02-17,T-Shirt,Fashion,43,457,800,0,0,3
2025-02-17,Jeans,Fashion,45,433,1500,0,0,3
2025-02-17,Sneakers,Fashion,53,457,2500,0,0,5
2025-02-17,Rice,Groceries,71,433,60,0,0,4
2025-02-17,Milk,Groceries,70,422,30,0,0,5
2025-02-17,Coffee,Groceries,74,420,400,0,0,7
2025-02-18,Laptop,Electronics,32,460,70000,0,0,5
2025-02-18,Smartphone,Electronics,53,430,30000,1,0,6
2025-02-18,Headphones,Electronics,50,481,3000,1,0,5
2025-02-18,T-Shirt,Fashion,49,435,800,0,0,2
2025-02-18,Jeans,Fashion,66,420,1500,1,0,4
2025-02-18,Sneakers,Fashion,58,441,2500,1,0,5
2025-02-18,Rice,Groceries,85,436,60,0,0,4
2025-02-18,Milk,Groceries,83,429,30,0,0,5
2025-02-18,Coffee,Groceries,71,438,400,0,0,3
2025-02-19,Laptop,Electronics,30,485,70000,0,0,4
2025-02-19,Smartphone,Electronics,46,436,30000,1,0,3
2025-02-19,Headphones,Electronics,33,449,3000,0,0,7
2025-02-19,T-Shirt,Fashion,39,438,800,0,0,6
2025-02-19,Jeans,Fashion,48,453,1500,0,0,3
2025-02-19,Sneakers,Fashion,38,474,2500,0,0,3
2025-02-19,Rice,Groceries,78,437,60,0,0,7
2025-02-19,Milk,Groceries,81,411,30,0,0,7
2025-02-19,Coffee,Groceries,65,399,400,0,0,6
2025-02-20,Laptop,Electronics,24,467,70000,0,0,6
2025-02-20,Smartphone,Electronics,23,528,30000,0,0,7
2025-02-20,Headphones,Electronics,25,468,3000,0,0,5
2025-02-20,T-Shirt,Fashion,49,470,800,0,0,3
2025-02-20,Jeans,Fashion,36,471,1500,0,0,6
2025-02-20,Sneakers,Fashion,41,485,2500,0,0,6
2025-02-20,Rice,Groceries,67,395,60,0,0,3
2025-02-20,Milk,Groceries,75,442,30,0,0,7
2025-02-20,Coffee,Groceries,80,398,400,0,0,4
2025-02-21,Laptop,Electronics,27,445,70000,0,0,3
2025-02-21,Smartphone,Electronics,22,493,30000,0,0,2
2025-02-21,Headphones,Electronics,43,467,3000,1,0,6
2025-02-21,T-Shirt,Fashion,43,446,800,0,0,3
2025-02-21,Jeans,Fashion,65,463,1500,1,0,7
2025-02-21,Sneakers,Fashion,26,470,2500,0,0,2
2025-02-21,Rice,Groceries,69,411,60,0,0,5
2025-02-21,Milk,Groceries,69,426,30,0,0,5
2025-02-21,Coffee,Groceries,74,412,400,0,0,3
2025-02-22,Laptop,Electronics,31,500,70000,0,0,6
2025-02-22,Smartphone,Electronics,33,463,30000,0,0,4
2025-02-22,Headphones,Electronics,20,497,3000,0,0,7
2025-02-22,T-Shirt,Fashion,68,442,800,1,0,6
2025-02-22,Jeans,Fashion,40,449,1500,0,0,2
2025-02-22,Sneakers,Fashion,43,469,2500,0,0,2
2025-02-22,Rice,Groceries,78,428,60,0,0,2
2025-02-22,Milk,Groceries,73,423,30,0,0,7
2025-02-22,Coffee,Groceries,72,429,400,0,0,3
2025-02-23,Laptop,Electronics,40,464,70000,0,0,2
2025-02-23,Smartphone,Electronics,32,451,30000,0,0,2
2025-02-23,Headphones,Electronics,35,447,3000,0,0,2
2025-02-23,T-Shirt,Fashion,36,443,800,0,0,6
2025-02-23,Jeans,Fashion,52,434,1500,0,0,7
2025-02-23,Sneakers,Fashion,44,454,2500,0,0,2
2025-02-23,Rice,Groceries,74,415,60,0,0,5
2025-02-23,Milk,Groceries,70,431,30,0,0,6
2025-02-23,Coffee,Groceries,75,411,400,0,0,6
2025-02-24,Laptop,Electronics,29,469,70000,0,0,2
2025-02-24,Smartphone,Electronics,22,502,30000,0,0,2
2025-02-24,Headphones,Electronics,24,458,3000,0,0,4
2025-02-24,T-Shirt,Fashion,31,473,800,0,0,5
2025-02-24,Jeans,Fashion,35,442,1500,0,0,2
2025-02-24,Sneakers,Fashion,40,477,2500,0,0,3
2025-02-24,Rice,Groceries,64,440,60,0,0,4
2025-02-24,Milk,Groceries,83,420,30,0,0,6
2025-02-24,Coffee,Groceries,67,451,400,0,0,7
2025-02-25,Laptop,Electronics,26,502,70000,0,0,2
2025-02-25,Smartphone,Electronics,21,487,30000,0,0,7
2025-02-25,Headphones,Electronics,42,465,3000,1,0,6
2025-02-25,T-Shirt,Fashion,50,454,800,0,0,3
2025-02-25,Jeans,Fashion,42,456,1500,0,0,5
2025-02-25,Sneakers,Fashion,42,484,2500,0,0,4
2025-02-25,Rice,Groceries,64,457,60,0,0,3
2025-02-25,Milk,Groceries,71,449,30,0,0,6
2025-02-25,Coffee,Groceries,72,418,400,0,0,4
2025-02-26,Laptop,Electronics,24,435,70000,0,0,3
2025-02-26,Smartphone,Electronics,37,430,30000,0,0,2
2025-02-26,Headphones,Electronics,29,470,3000,0,0,4
2025-02-26,T-Shirt,Fashion,40,465,800,0,0,4
2025-02-26,Jeans,Fashion,40,470,1500,0,0,4
2025-02-26,Sneakers,Fashion,32,470,2500,0,0,6
2025-02-26,Rice,Groceries,77,396,60,0,0,7
2025-02-26,Milk,Groceries,95,393,30,1,0,5
2025-02-26,Coffee,Groceries,74,421,400,0,0,4
2025-02-27,Laptop,Electronics,27,450,70000,0,0,7
2025-02-27,Smartphone,Electronics,29,493,30000,0,0,4
2025-02-27,Headphones,Electronics,28,500,3000,0,0,2
2025-02-27,T-Shirt,Fashion,45,458,800,0,0,7
2025-02-27,Jeans,Fashion,46,448,1500,0,0,3
2025-02-27,Sneakers,Fashion,49,492,2500,0,0,5
2025-02-27,Rice,Groceries,77,415,60,0,0,7
2025-02-27,Milk,Groceries,65,445,30,0,0,7
2025-02-27,Coffee,Groceries,68,410,400,0,0,7
2025-02-28,Laptop,Electronics,29,486,70000,0,0,7
2025-02-28,Smartphone,Electronics,54,433,30000,1,0,7
2025-02-28,Headphones,Electronics,35,451,3000,0,0,6
2025-02-28,T-Shirt,Fashion,41,463,800,0,0,6
2025-02-28,Jeans,Fashion,40,457,1500,0,0,4
2025-02-28,Sneakers,Fashion,76,401,2500,1,0,4
2025-02-28,Rice,Groceries,78,445,60,0,0,5
2025-02-28,Milk,Groceries,74,377,30,0,0,7
2025-02-28,Coffee,Groceries,74,391,400,0,0,2
2025-03-01,Laptop,Electronics,37,466,70000,0,0,2
2025-03-01,Smartphone,Electronics,41,449,30000,0,0,4
2025-03-01,Headphones,Electronics,39,419,3000,0,0,7
2025-03-01,T-Shirt,Fashion,51,435,800,0,0,6
2025-03-01,Jeans,Fashion,57,448,1500,0,0,2
2025-03-01,Sneakers,Fashion,57,469,2500,0,0,7
2025-03-01,Rice,Groceries,83,434,60,0,0,2
2025-03-01,Milk,Groceries,86,370,30,0,0,2
2025-03-01,Coffee,Groceries,84,418,400,0,0,4
2025-03-02,Laptop,Electronics,39,430,70000,0,0,5
2025-03-02,Smartphone,Electronics,44,471,30000,0,0,6
2025-03-02,Headphones,Electronics,47,442,3000,0,0,5
2025-03-02,T-Shirt,Fashion,58,429,800,0,0,3
2025-03-02,Jeans,Fashion,63,448,1500,0,0,5
2025-03-02,Sneakers,Fashion,56,424,2500,0,0,5
2025-03-02,Rice,Groceries,99,383,60,1,0,2
2025-03-02,Milk,Groceries,114,409,30,1,0,3
2025-03-02,Coffee,Groceries,108,442,400,1,0,4
2025-03-03,Laptop,Electronics,61,444,70000,1,0,5
2025-03-03,Smartphone,Electronics,38,495,30000,0,0,4
2025-03-03,Headphones,Electronics,28,459,3000,0,0,2
2025-03-03,T-Shirt,Fashion,56,440,800,0,0,7
2025-03-03,Jeans,Fashion,58,424,1500,0,0,2
2025-03-03,Sneakers,Fashion,57,436,2500,0,0,5
2025-03-03,Rice,Groceries,77,401,60,0,0,3
2025-03-03,Milk,Groceries,79,394,30,0,0,4
2025-03-03,Coffee,Groceries,81,435,400,0,0,4
2025-03-04,Laptop,Electronics,45,421,70000,0,0,5
2025-03-04,Smartphone,Electronics,46,515,30000,0,0,5
2025-03-04,Headphones,Electronics,34,457,3000,0,0,6
2025-03-04,T-Shirt,Fashion,60,430,800,0,0,4
2025-03-04,Jeans,Fashion,58,474,1500,0,0,3
2025-03-04,Sneakers,Fashion,61,479,2500,0,0,5
2025-03-04,Rice,Groceries,84,424,60,0,0,6
2025-03-04,Milk,Groceries,78,414,30,0,0,3
2025-03-04,Coffee,Groceries,83,393,400,0,0,3
2025-03-05,Laptop,Electronics,64,429,70000,1,0,5
2025-03-05,Smartphone,Electronics,56,445,30000,1,0,4
2025-03-05,Headphones,Electronics,53,417,3000,1,0,7
2025-03-05,T-Shirt,Fashion,56,420,800,0,0,3
2025-03-05,Jeans,Fashion,59,431,1500,0,0,4
2025-03-05,Sneakers,Fashion,51,436,2500,0,0,2
2025-03-05,Rice,Groceries,80,434,60,0,0,4
2025-03-05,Milk,Groceries,90,373,30,0,0,6
2025-03-05,Coffee,Groceries,84,462,400,0,0,4
2025-03-06,Laptop,Electronics,37,484,70000,0,0,7
2025-03-06,Smartphone,Electronics,36,473,30000,0,0,6
2025-03-06,Headphones,Electronics,44,471,3000,0,0,7
2025-03-06,T-Shirt,Fashion,58,477,800,0,0,5
2025-03-06,Jeans,Fashion,59,473,1500,0,0,6
2025-03-06,Sneakers,Fashion,60,432,2500,0,0,5
2025-03-06,Rice,Groceries,107,406,60,1,0,5
2025-03-06,Milk,Groceries,88,432,30,0,0,3
2025-03-06,Coffee,Groceries,100,419,400,0,0,4
2025-03-07,Laptop,Electronics,57,437,70000,0,0,4
2025-03-07,Smartphone,Electronics,52,413,30000,1,0,5
2025-03-07,Headphones,Electronics,44,455,3000,0,0,5
2025-03-07,T-Shirt,Fashion,51,468,800,0,0,4
2025-03-07,Jeans,Fashion,63,452,1500,0,0,7
2025-03-07,Sneakers,Fashion,63,459,2500,0,0,3
2025-03-07,Rice,Groceries,94,415,60,0,0,2
2025-03-07,Milk,Groceries,93,417,30,0,0,7
2025-03-07,Coffee,Groceries,92,418,400,0,0,2
2025-03-08,Laptop,Electronics,54,455,70000,0,0,2
2025-03-08,Smartphone,Electronics,48,456,30000,0,0,2
2025-03-08,Headphones,Electronics,57,420,3000,0,0,7
2025-03-08,T-Shirt,Fashion,78,437,800,0,0,6
2025-03-08,Jeans,Fashion,78,426,1500,1,0,2
2025-03-08,Sneakers,Fashion,70,448,2500,0,0,5
2025-03-08,Rice,Groceries,102,422,60,0,0,5
2025-03-08,Milk,Groceries,89,395,30,0,0,7
2025-03-08,Coffee,Groceries,97,396,400,0,0,2
2025-03-09,Laptop,Electronics,50,422,70000,0,0,2
2025-03-09,Smartphone,Electronics,52,468,30000,0,0,7
2025-03-09,Headphones,Electronics,54,471,3000,0,0,5
2025-03-09,T-Shirt,Fashion,71,409,800,0,0,5
2025-03-09,Jeans,Fashion,70,395,1500,0,0,5
2025-03-09,Sneakers,Fashion,64,453,2500,0,0,7
2025-03-09,Rice,Groceries,120,396,60,1,0,2
2025-03-09,Milk,Groceries,94,406,30,0,0,7
2025-03-09,Coffee,Groceries,93,429,400,0,0,4
2025-03-10,Laptop,Electronics,45,433,70000,0,0,3
2025-03-10,Smartphone,Electronics,46,457,30000,0,0,6
2025-03-10,Headphones,Electronics,47,449,3000,0,0,4
2025-03-10,T-Shirt,Fashion,59,480,800,0,0,2
2025-03-10,Jeans,Fashion,82,436,1500,1,0,6
2025-03-10,Sneakers,Fashion,60,441,2500,0,0,5
2025-03-10,Rice,Groceries,91,412,60,0,0,2
2025-03-10,Milk,Groceries,93,431,30,0,0,3
2025-03-10,Coffee,Groceries,77,422,400,0,0,2
2025-03-11,Laptop,Electronics,45,438,70000,0,0,4
2025-03-11,Smartphone,Electronics,50,443,30000,0,0,3
2025-03-11,Headphones,Electronics,42,500,3000,0,0,7
2025-03-11,T-Shirt,Fashion,64,468,800,0,0,3
2025-03-11,Jeans,Fashion,60,433,1500,0,0,7
2025-03-11,Sneakers,Fashion,57,455,2500,0,0,4
2025-03-11,Rice,Groceries,92,419,60,0,0,6
2025-03-11,Milk,Groceries,81,396,30,0,0,7
2025-03-11,Coffee,Groceries,85,438,400,0,0,5
2025-03-12,Laptop,Electronics,43,451,70000,0,0,5
2025-03-12,Smartphone,Electronics,50,438,30000,0,0,5
2025-03-12,Headphones,Electronics,41,452,3000,0,0,5
2025-03-12,T-Shirt,Fashion,57,446,800,0,0,7
2025-03-12,Jeans,Fashion,52,422,1500,0,0,3
2025-03-12,Sneakers,Fashion,63,475,2500,0,0,4
2025-03-12,Rice,Groceries,93,409,60,0,0,4
2025-03-12,Milk,Groceries,89,415,30,0,0,2
2025-03-12,Coffee,Groceries,86,406,400,0,0,4
2025-03-13,Laptop,Electronics,43,469,70000,0,0,6
2025-03-13,Smartphone,Electronics,38,461,30000,0,0,3
2025-03-13,Headphones,Electronics,63,405,3000,1,0,5
2025-03-13,T-Shirt,Fashion,51,436,800,0,0,5
2025-03-13,Jeans,Fashion,51,430,1500,0,0,6
2025-03-13,Sneakers,Fashion,50,481,2500,0,0,5
2025-03-13,Rice,Groceries,93,389,60,0,0,2
2025-03-13,Milk,Groceries,105,398,30,1,0,2
2025-03-13,Coffee,Groceries,99,400,400,1,0,7
2025-03-14,Laptop,Electronics,46,438,70000,0,0,6
2025-03-14,Smartphone,Electronics,61,447,30000,1,0,7
2025-03-14,Headphones,Electronics,51,411,3000,0,0,6
2025-03-14,T-Shirt,Fashion,61,442,800,0,0,5
2025-03-14,Jeans,Fashion,71,437,1500,1,0,4
2025-03-14,Sneakers,Fashion,53,458,2500,0,0,7
2025-03-14,Rice,Groceries,85,460,60,0,0,4
2025-03-14,Milk,Groceries,97,412,30,1,0,2
2025-03-14,Coffee,Groceries,103,385,400,1,0,3
2025-03-15,Laptop,Electronics,69,419,70000,1,0,4
2025-03-15,Smartphone,Electronics,42,489,30000,0,0,3
2025-03-15,Headphones,Electronics,72,421,3000,1,0,7
2025-03-15,T-Shirt,Fashion,65,409,800,0,0,2
2025-03-15,Jeans,Fashion,69,438,1500,0,0,7
2025-03-15,Sneakers,Fashion,64,446,2500,0,0,5
2025-03-15,Rice,Groceries,115,359,60,1,0,3
2025-03-15,Milk,Groceries,94,420,30,0,0,4
2025-03-15,Coffee,Groceries,89,381,400,0,0,5
2025-03-16,Laptop,Electronics,43,444,70000,0,0,4
2025-03-16,Smartphone,Electronics,82,388,30000,1,0,2
2025-03-16,Headphones,Electronics,44,442,3000,0,0,3
2025-03-16,T-Shirt,Fashion,56,459,800,0,0,5
2025-03-16,Jeans,Fashion,65,429,1500,0,0,2
2025-03-16,Sneakers,Fashion,52,448,2500,0,0,2
2025-03-16,Rice,Groceries,84,430,60,0,0,5
2025-03-16,Milk,Groceries,99,369,30,0,0,4
2025-03-16,Coffee,Groceries,89,414,400,0,0,3
2025-03-17,Laptop,Electronics,62,429,70000,1,0,3
2025-03-17,Smartphone,Electronics,47,457,30000,1,0,2
2025-03-17,Headphones,Electronics,32,469,3000,0,0,7
2025-03-17,T-Shirt,Fashion,36,467,800,0,0,4
2025-03-17,Jeans,Fashion,56,422,1500,0,0,3
2025-03-17,Sneakers,Fashion,35,489,2500,0,0,6
2025-03-17,Rice,Groceries,77,421,60,0,0,7
2025-03-17,Milk,Groceries,92,425,30,0,0,5
2025-03-17,Coffee,Groceries,76,403,400,0,0,6
2025-03-18,Laptop,Electronics,29,451,70000,0,0,4
2025-03-18,Smartphone,Electronics,36,473,30000,0,0,3
2025-03-18,Headphones,Electronics,38,442,3000,0,0,4
2025-03-18,T-Shirt,Fashion,46,437,800,0,0,7
2025-03-18,Jeans,Fashion,51,433,1500,0,0,7
2025-03-18,Sneakers,Fashion,44,460,2500,0,0,3
2025-03-18,Rice,Groceries,80,408,60,0,0,2
2025-03-18,Milk,Groceries,76,470,30,0,0,2
2025-03-18,Coffee,Groceries,83,397,400,0,0,6
2025-03-19,Laptop,Electronics,34,485,70000,0,0,4
2025-03-19,Smartphone,Electronics,36,483,30000,0,0,4
2025-03-19,Headphones,Electronics,28,490,3000,0,0,3
2025-03-19,T-Shirt,Fashion,43,434,800,0,0,7
2025-03-19,Jeans,Fashion,49,473,1500,0,0,6
2025-03-19,Sneakers,Fashion,53,445,2500,1,0,5
2025-03-19,Rice,Groceries,72,456,60,0,0,4
2025-03-19,Milk,Groceries,77,416,30,0,0,2
2025-03-19,Coffee,Groceries,88,404,400,1,0,4
2025-03-20,Laptop,Electronics,30,506,70000,0,0,4
2025-03-20,Smartphone,Electronics,28,433,30000,0,0,6
2025-03-20,Headphones,Electronics,51,442,3000,1,0,2
2025-03-20,T-Shirt,Fashion,38,441,800,0,0,7
2025-03-20,Jeans,Fashion,40,475,1500,0,0,4
2025-03-20,Sneakers,Fashion,44,458,2500,0,0,5
2025-03-20,Rice,Groceries,74,413,60,0,0,7
2025-03-20,Milk,Groceries,72,402,30,0,0,7
2025-03-20,Coffee,Groceries,70,460,400,0,0,7
2025-03-21,Laptop,Electronics,24,471,70000,0,0,2
2025-03-21,Smartphone,Electronics,25,471,30000,0,0,5
2025-03-21,Headphones,Electronics,51,466,3000,1,0,7
2025-03-21,T-Shirt,Fashion,44,482,800,0,0,5
2025-03-21,Jeans,Fashion,40,426,1500,0,0,2
2025-03-21,Sneakers,Fashion,44,455,2500,0,0,3
2025-03-21,Rice,Groceries,91,390,60,1,0,6
2025-03-21,Milk,Groceries,65,442,30,0,0,2
2025-03-21,Coffee,Groceries,68,418,400,0,0,2
2025-03-22,Laptop,Electronics,38,504,70000,0,0,7
2025-03-22,Smartphone,Electronics,50,453,30000,1,0,6
2025-03-22,Headphones,Electronics,53,432,3000,1,0,5
2025-03-22,T-Shirt,Fashion,56,468,800,0,0,7
2025-03-22,Jeans,Fashion,44,485,1500,0,0,4
2025-03-22,Sneakers,Fashion,53,477,2500,0,0,2
2025-03-22,Rice,Groceries,90,390,60,0,0,4
2025-03-22,Milk,Groceries,78,427,30,0,0,7
2025-03-22,Coffee,Groceries,76,421,400,0,0,2
2025-03-23,Laptop,Electronics,25,485,70000,0,0,5
2025-03-23,Smartphone,Electronics,57,425,30000,1,0,7
2025-03-23,Headphones,Electronics,29,468,3000,0,0,4
2025-03-23,T-Shirt,Fashion,50,455,800,0,0,5
2025-03-23,Jeans,Fashion,57,470,1500,0,0,2
2025-03-23,Sneakers,Fashion,43,469,2500,0,0,2
2025-03-23,Rice,Groceries,78,417,60,0,0,7
2025-03-23,Milk,Groceries,87,406,30,0,0,3
2025-03-23,Coffee,Groceries,69,456,400,0,0,3
2025-03-24,Laptop,Electronics,44,407,70000,1,0,6
2025-03-24,Smartphone,Electronics,26,424,30000,0,0,4
2025-03-24,Headphones,Electronics,24,463,3000,0,0,2
2025-03-24,T-Shirt,Fashion,37,484,800,0,0,5
2025-03-24,Jeans,Fashion,41,473,1500,0,0,4
2025-03-24,Sneakers,Fashion,33,480,2500,0,0,5
2025-03-24,Rice,Groceries,86,412,60,0,0,4
2025-03-24,Milk,Groceries,87,377,30,1,0,2
2025-03-24,Coffee,Groceries,61,471,400,0,0,4
2025-03-25,Laptop,Electronics,22,506,70000,0,0,3
2025-03-25,Smartphone,Electronics,32,469,30000,0,0,5
2025-03-25,Headphones,Electronics,25,478,3000,0,0,5
2025-03-25,T-Shirt,Fashion,39,476,800,0,0,3
2025-03-25,Jeans,Fashion,33,440,1500,0,0,5
2025-03-25,Sneakers,Fashion,37,474,2500,0,0,6
2025-03-25,Rice,Groceries,70,385,60,0,0,2
2025-03-25,Milk,Groceries,67,453,30,0,0,2
2025-03-25,Coffee,Groceries,74,435,400,0,0,4
2025-03-26,Laptop,Electronics,13,465,70000,0,0,7
2025-03-26,Smartphone,Electronics,11,480,30000,0,0,6
2025-03-26,Headphones,Electronics,26,508,3000,0,0,7
2025-03-26,T-Shirt,Fashion,35,429,800,0,0,3
2025-03-26,Jeans,Fashion,62,420,1500,1,0,4
2025-03-26,Sneakers,Fashion,52,456,2500,0,0,7
2025-03-26,Rice,Groceries,66,416,60,0,0,7
2025-03-26,Milk,Groceries,71,437,30,0,0,6
2025-03-26,Coffee,Groceries,73,434,400,0,0,4
2025-03-27,Laptop,Electronics,21,489,70000,0,0,3
2025-03-27,Smartphone,Electronics,37,490,30000,0,0,6
2025-03-27,Headphones,Electronics,27,454,3000,0,0,6
2025-03-27,T-Shirt,Fashion,43,440,800,0,0,6
2025-03-27,Jeans,Fashion,40,463,1500,0,0,2
2025-03-27,Sneakers,Fashion,64,462,2500,1,0,4
2025-03-27,Rice,Groceries,84,393,60,0,0,6
2025-03-27,Milk,Groceries,74,433,30,0,0,7
2025-03-27,Coffee,Groceries,77,425,400,0,0,2
2025-03-28,Laptop,Electronics,25,469,70000,0,0,7
2025-03-28,Smartphone,Electronics,20,475,30000,0,0,3
2025-03-28,Headphones,Electronics,25,474,3000,0,0,7
2025-03-28,T-Shirt,Fashion,41,477,800,0,0,2
2025-03-28,Jeans,Fashion,43,480,1500,0,0,2
2025-03-28,Sneakers,Fashion,48,442,2500,0,0,5
2025-03-28,Rice,Groceries,83,429,60,1,0,4
2025-03-28,Milk,Groceries,76,453,30,0,0,7
2025-03-28,Coffee,Groceries,70,427,400,0,0,4
2025-03-29,Laptop,Electronics,62,429,70000,1,0,2
2025-03-29,Smartphone,Electronics,33,471,30000,0,0,2
2025-03-29,Headphones,Electronics,44,411,3000,0,0,6
2025-03-29,T-Shirt,Fashion,57,458,800,0,0,4
2025-03-29,Jeans,Fashion,59,454,1500,0,0,5
2025-03-29,Sneakers,Fashion,53,456,2500,0,0,2
2025-03-29,Rice,Groceries,75,464,60,0,0,3
2025-03-29,Milk,Groceries,111,411,30,1,0,3
2025-03-29,Coffee,Groceries,90,396,400,0,0,4
2025-03-30,Laptop,Electronics,44,461,70000,0,0,7
2025-03-30,Smartphone,Electronics,52,448,30000,1,0,2
2025-03-30,Headphones,Electronics,38,440,3000,0,0,3
2025-03-30,T-Shirt,Fashion,81,375,800,1,0,2
2025-03-30,Jeans,Fashion,54,457,1500,0,0,2
2025-03-30,Sneakers,Fashion,53,472,2500,0,0,7
2025-03-30,Rice,Groceries,76,436,60,0,0,6
2025-03-30,Milk,Groceries,87,428,30,0,0,7
2025-03-30,Coffee,Groceries,87,429,400,0,0,2
2025-03-31,Laptop,Electronics,34,434,70000,0,0,7
2025-03-31,Smartphone,Electronics,36,457,30000,0,0,4
2025-03-31,Headphones,Electronics,30,502,3000,0,0,6
2025-03-31,T-Shirt,Fashion,45,467,800,0,0,7
2025-03-31,Jeans,Fashion,50,470,1500,0,0,4
2025-03-31,Sneakers,Fashion,62,433,2500,1,0,5
2025-03-31,Rice,Groceries,96,425,60,1,0,7
2025-03-31,Milk,Groceries,71,442,30,0,0,7
2025-03-31,Coffee,Groceries,79,430,400,0,0,5
2025-04-01,Laptop,Electronics,36,485,70000,0,0,4
2025-04-01,Smartphone,Electronics,46,423,30000,1,0,4
2025-04-01,Headphones,Electronics,43,447,3000,0,0,4
2025-04-01,T-Shirt,Fashion,55,448,800,0,0,4
2025-04-01,Jeans,Fashion,71,386,1500,1,0,4
2025-04-01,Sneakers,Fashion,48,393,2500,0,0,7
2025-04-01,Rice,Groceries,83,448,60,0,0,4
2025-04-01,Milk,Groceries,97,424,30,1,0,7
2025-04-01,Coffee,Groceries,89,411,400,0,0,2
2025-04-02,Laptop,Electronics,33,457,70000,0,0,5
2025-04-02,Smartphone,Electronics,30,514,30000,0,0,7
2025-04-02,Headphones,Electronics,44,473,3000,0,0,5
2025-04-02,T-Shirt,Fashion,55,450,800,0,0,5
2025-04-02,Jeans,Fashion,46,447,1500,0,0,6
2025-04-02,Sneakers,Fashion,48,456,2500,0,0,4
2025-04-02,Rice,Groceries,79,417,60,0,0,6
2025-04-02,Milk,Groceries,83,401,30,0,0,5
2025-04-02,Coffee,Groceries,86,446,400,0,0,6
2025-04-03,Laptop,Electronics,54,475,70000,1,0,2
2025-04-03,Smartphone,Electronics,60,441,30000,1,0,6
2025-04-03,Headphones,Electronics,36,460,3000,0,0,5
2025-04-03,T-Shirt,Fashion,53,432,800,0,0,3
2025-04-03,Jeans,Fashion,53,421,1500,0,0,3
2025-04-03,Sneakers,Fashion,45,445,2500,0,0,4
2025-04-03,Rice,Groceries,78,406,60,0,0,5
2025-04-03,Milk,Groceries,76,398,30,0,0,6
2025-04-03,Coffee,Groceries,87,401,400,0,0,3
2025-04-04,Laptop,Electronics,40,443,70000,0,0,4
2025-04-04,Smartphone,Electronics,39,467,30000,0,0,7
2025-04-04,Headphones,Electronics,35,442,3000,0,0,5
2025-04-04,T-Shirt,Fashion,51,448,800,0,0,3
2025-04-04,Jeans,Fashion,55,432,1500,0,0,2
2025-04-04,Sneakers,Fashion,59,400,2500,0,0,5
2025-04-04,Rice,Groceries,83,433,60,0,0,6
2025-04-04,Milk,Groceries,104,412,30,1,0,4
2025-04-04,Coffee,Groceries,96,396,400,0,0,5
2025-04-05,Laptop,Electronics,48,472,70000,0,0,4
2025-04-05,Smartphone,Electronics,52,433,30000,0,0,4
2025-04-05,Headphones,Electronics,49,445,3000,0,0,2
2025-04-05,T-Shirt,Fashion,74,427,800,0,0,5
2025-04-05,Jeans,Fashion,59,454,1500,0,0,2
2025-04-05,Sneakers,Fashion,62,429,2500,0,0,5
2025-04-05,Rice,Groceries,95,428,60,0,0,7
2025-04-05,Milk,Groceries,97,399,30,0,0,7
2025-04-05,Coffee,Groceries,101,388,400,0,0,4
2025-04-06,Laptop,Electronics,77,405,70000,1,0,6
2025-04-06,Smartphone,Electronics,54,426,30000,0,0,2
2025-04-06,Headphones,Electronics,64,481,3000,0,0,7
2025-04-06,T-Shirt,Fashion,73,460,800,0,0,2
2025-04-06,Jeans,Fashion,63,446,1500,0,0,2
2025-04-06,Sneakers,Fashion,63,418,2500,0,0,3
2025-04-06,Rice,Groceries,117,394,60,1,0,4
2025-04-06,Milk,Groceries,96,421,30,0,0,2
2025-04-06,Coffee,Groceries,100,430,400,0,0,7
2025-04-07,Laptop,Electronics,41,486,70000,0,0,7
2025-04-07,Smartphone,Electronics,50,465,30000,0,0,2
2025-04-07,Headphones,Electronics,48,456,3000,0,0,3
2025-04-07,T-Shirt,Fashion,61,420,800,0,0,7
2025-04-07,Jeans,Fashion,65,430,1500,0,0,2
2025-04-07,Sneakers,Fashion,55,458,2500,0,0,5
2025-04-07,Rice,Groceries,90,392,60,0,0,4
2025-04-07,Milk,Groceries,95,395,30,0,0,7
2025-04-07,Coffee,Groceries,99,418,400,0,0,2
2025-04-08,Laptop,Electronics,48,488,70000,0,0,7
2025-04-08,Smartphone,Electronics,50,433,30000,0,0,4
2025-04-08,Headphones,Electronics,41,473,3000,0,0,4
2025-04-08,T-Shirt,Fashion,53,426,800,0,0,4
2025-04-08,Jeans,Fashion,68,453,1500,0,0,7
2025-04-08,Sneakers,Fashion,66,467,2500,0,0,5
2025-04-08,Rice,Groceries,85,395,60,0,0,3
2025-04-08,Milk,Groceries,92,446,30,0,0,5
2025-04-08,Coffee,Groceries,86,409,400,0,0,4
2025-04-09,Laptop,Electronics,46,454,70000,0,0,3
2025-04-09,Smartphone,Electronics,66,411,30000,1,0,7
2025-04-09,Headphones,Electronics,46,468,3000,0,0,3
2025-04-09,T-Shirt,Fashion,56,437,800,0,0,4
2025-04-09,Jeans,Fashion,55,479,1500,0,0,3
2025-04-09,Sneakers,Fashion,66,419,2500,0,0,5
2025-04-09,Rice,Groceries,84,434,60,0,0,2
2025-04-09,Milk,Groceries,90,422,30,0,0,5
2025-04-09,Coffee,Groceries,91,397,400,0,0,2
2025-04-10,Laptop,Electronics,46,456,70000,0,0,7
2025-04-10,Smartphone,Electronics,38,457,30000,0,0,2
2025-04-10,Headphones,Electronics,42,455,3000,0,0,5
2025-04-10,T-Shirt,Fashion,62,441,800,0,0,5
2025-04-10,Jeans,Fashion,68,436,1500,0,0,3
2025-04-10,Sneakers,Fashion,63,422,2500,0,0,3
2025-04-10,Rice,Groceries,84,414,60,0,0,6
2025-04-10,Milk,Groceries,91,404,30,0,0,3
2025-04-10,Coffee,Groceries,89,406,400,0,0,5
2025-04-11,Laptop,Electronics,45,462,70000,0,0,6
2025-04-11,Smartphone,Electronics,50,442,30000,0,0,3
2025-04-11,Headphones,Electronics,41,456,3000,0,0,5
2025-04-11,T-Shirt,Fashion,51,451,800,0,0,6
2025-04-11,Jeans,Fashion,61,408,1500,0,0,7
2025-04-11,Sneakers,Fashion,77,425,2500,1,0,4
2025-04-11,Rice,Groceries,94,395,60,0,0,2
2025-04-11,Milk,Groceries,90,404,30,0,0,7
2025-04-11,Coffee,Groceries,102,403,400,1,0,6
2025-04-12,Laptop,Electronics,54,459,70000,0,0,6
2025-04-12,Smartphone,Electronics,49,435,30000,0,0,3
2025-04-12,Headphones,Electronics,37,449,3000,0,0,7
2025-04-12,T-Shirt,Fashion,57,464,800,0,0,2
2025-04-12,Jeans,Fashion,64,421,1500,0,0,4
2025-04-12,Sneakers,Fashion,65,431,2500,0,0,4
2025-04-12,Rice,Groceries,84,438,60,0,0,5
2025-04-12,Milk,Groceries,87,440,30,0,0,4
2025-04-12,Coffee,Groceries,123,369,400,1,0,7
2025-04-13,Laptop,Electronics,46,458,70000,0,0,7
2025-04-13,Smartphone,Electronics,50,443,30000,0,0,7
2025-04-13,Headphones,Electronics,49,420,3000,0,0,3
2025-04-13,T-Shirt,Fashion,63,405,800,0,0,4
2025-04-13,Jeans,Fashion,68,422,1500,0,0,5
2025-04-13,Sneakers,Fashion,90,438,2500,1,0,4
2025-04-13,Rice,Groceries,92,406,60,0,0,6
2025-04-13,Milk,Groceries,97,414,30,0,0,6
2025-04-13,Coffee,Groceries,91,403,400,0,0,6
2025-04-14,Laptop,Electronics,62,428,70000,1,0,3
2025-04-14,Smartphone,Electronics,42,422,30000,0,0,4
2025-04-14,Headphones,Electronics,41,475,3000,0,0,5
2025-04-14,T-Shirt,Fashion,50,436,800,0,0,7
2025-04-14,Jeans,Fashion,48,448,1500,0,0,7
2025-04-14,Sneakers,Fashion,54,439,2500,0,0,7
2025-04-14,Rice,Groceries,86,390,60,0,0,6
2025-04-14,Milk,Groceries,72,453,30,0,0,5
2025-04-14,Coffee,Groceries,75,464,400,0,0,3
2025-04-15,Laptop,Electronics,56,428,70000,1,0,2
2025-04-15,Smartphone,Electronics,34,446,30000,0,0,3
2025-04-15,Headphones,Electronics,39,453,3000,0,0,5
2025-04-15,T-Shirt,Fashion,51,448,800,0,0,4
2025-04-15,Jeans,Fashion,51,449,1500,0,0,5
2025-04-15,Sneakers,Fashion,56,423,2500,0,0,5
2025-04-15,Rice,Groceries,82,426,60,0,0,4
2025-04-15,Milk,Groceries,89,419,30,0,0,7
2025-04-15,Coffee,Groceries,81,402,400,0,0,4
2025-04-16,Laptop,Electronics,31,454,70000,0,0,6
2025-04-16,Smartphone,Electronics,35,454,30000,0,0,6
2025-04-16,Headphones,Electronics,38,446,3000,0,0,6
2025-04-16,T-Shirt,Fashion,54,464,800,0,0,5
2025-04-16,Jeans,Fashion,42,463,1500,0,0,6
2025-04-16,Sneakers,Fashion,46,463,2500,0,0,5
2025-04-16,Rice,Groceries,74,391,60,0,0,3
2025-04-16,Milk,Groceries,79,412,30,0,0,3
2025-04-16,Coffee,Groceries,73,442,400,0,0,7
2025-04-17,Laptop,Electronics,29,463,70000,0,0,4
2025-04-17,Smartphone,Electronics,36,441,30000,0,0,2
2025-04-17,Headphones,Electronics,28,474,3000,0,0,6
2025-04-17,T-Shirt,Fashion,44,482,800,0,0,3
2025-04-17,Jeans,Fashion,49,391,1500,0,0,5
2025-04-17,Sneakers,Fashion,70,452,2500,1,0,2
2025-04-17,Rice,Groceries,76,453,60,0,0,3
2025-04-17,Milk,Groceries,81,381,30,0,0,7
2025-04-17,Coffee,Groceries,69,420,400,0,0,4
2025-04-18,Laptop,Electronics,26,460,70000,0,0,3
2025-04-18,Smartphone,Electronics,32,517,30000,0,0,4
2025-04-18,Headphones,Electronics,28,489,3000,0,0,3
2025-04-18,T-Shirt,Fashion,60,433,800,1,0,6
2025-04-18,Jeans,Fashion,45,463,1500,0,0,2
2025-04-18,Sneakers,Fashion,49,425,2500,0,0,6
2025-04-18,Rice,Groceries,71,453,60,0,0,3
2025-04-18,Milk,Groceries,70,425,30,0,0,3
2025-04-18,Coffee,Groceries,75,418,400,0,0,5
2025-04-19,Laptop,Electronics,40,482,70000,0,0,5
2025-04-19,Smartphone,Electronics,42,432,30000,0,0,7
2025-04-19,Headphones,Electronics,39,486,3000,0,0,5
2025-04-19,T-Shirt,Fashion,48,452,800,0,0,7
2025-04-19,Jeans,Fashion,53,440,1500,0,0,3
2025-04-19,Sneakers,Fashion,54,431,2500,0,0,5
2025-04-19,Rice,Groceries,74,443,60,0,0,6
2025-04-19,Milk,Groceries,81,424,30,0,0,6
2025-04-19,Coffee,Groceries,85,392,400,0,0,4
2025-04-20,Laptop,Electronics,41,434,70000,0,0,7
2025-04-20,Smartphone,Electronics,36,459,30000,0,0,2
2025-04-20,Headphones,Electronics,36,476,3000,0,0,6
2025-04-20,T-Shirt,Fashion,63,455,800,1,0,7
2025-04-20,Jeans,Fashion,44,440,1500,0,0,7
2025-04-20,Sneakers,Fashion,57,447,2500,0,0,7
2025-04-20,Rice,Groceries,78,373,60,0,0,5
2025-04-20,Milk,Groceries,87,363,30,0,0,3
2025-04-20,Coffee,Groceries,80,439,400,0,0,3
2025-04-21,Laptop,Electronics,25,434,70000,0,0,5
2025-04-21,Smartphone,Electronics,22,470,30000,0,0,4
2025-04-21,Headphones,Electronics,22,484,3000,0,0,5
2025-04-21,T-Shirt,Fashion,43,464,800,0,0,7
2025-04-21,Jeans,Fashion,61,435,1500,1,0,6
2025-04-21,Sneakers,Fashion,39,426,2500,0,0,6
2025-04-21,Rice,Groceries,67,418,60,0,0,3
2025-04-21,Milk,Groceries,66,412,30,0,0,6
2025-04-21,Coffee,Groceries,72,409,400,0,0,7
2025-04-22,Laptop,Electronics,27,469,70000,0,0,3
2025-04-22,Smartphone,Electronics,20,496,30000,0,0,7
2025-04-22,Headphones,Electronics,19,483,3000,0,0,4
2025-04-22,T-Shirt,Fashion,56,467,800,1,0,4
2025-04-22,Jeans,Fashion,55,469,1500,1,0,7
2025-04-22,Sneakers,Fashion,41,468,2500,0,0,3
2025-04-22,Rice,Groceries,71,409,60,0,0,2
2025-04-22,Milk,Groceries,69,421,30,0,0,5
2025-04-22,Coffee,Groceries,70,415,400,0,0,4
2025-04-23,Laptop,Electronics,19,447,70000,0,0,7
2025-04-23,Smartphone,Electronics,36,436,30000,1,0,6
2025-04-23,Headphones,Electronics,22,481,3000,0,0,2
2025-04-23,T-Shirt,Fashion,62,440,800,1,0,2
2025-04-23,Jeans,Fashion,40,425,1500,0,0,3
2025-04-23,Sneakers,Fashion,35,457,2500,0,0,6
2025-04-23,Rice,Groceries,70,421,60,0,0,7
2025-04-23,Milk,Groceries,80,443,30,0,0,2
2025-04-23,Coffee,Groceries,68,421,400,0,0,5
2025-04-24,Laptop,Electronics,25,459,70000,0,0,7
2025-04-24,Smartphone,Electronics,30,473,30000,0,0,5
2025-04-24,Headphones,Electronics,15,490,3000,0,0,2
2025-04-24,T-Shirt,Fashion,39,444,800,0,0,5
2025-04-24,Jeans,Fashion,53,426,1500,1,0,6
2025-04-24,Sneakers,Fashion,42,441,2500,0,0,7
2025-04-24,Rice,Groceries,72,418,60,0,0,7
2025-04-24,Milk,Groceries,67,449,30,0,0,7
2025-04-24,Coffee,Groceries,68,433,400,0,0,5
2025-04-25,Laptop,Electronics,29,475,70000,0,0,5
2025-04-25,Smartphone,Electronics,24,448,30000,0,0,4
2025-04-25,Headphones,Electronics,31,457,3000,0,0,7
2025-04-25,T-Shirt,Fashion,40,474,800,0,0,2
2025-04-25,Jeans,Fashion,43,449,1500,0,0,5
2025-04-25,Sneakers,Fashion,40,453,2500,0,0,3
2025-04-25,Rice,Groceries,71,416,60,0,0,3
2025-04-25,Milk,Groceries,71,453,30,0,0,3
2025-04-25,Coffee,Groceries,64,431,400,0,0,4
2025-04-26,Laptop,Electronics,37,434,70000,0,0,5
2025-04-26,Smartphone,Electronics,19,522,30000,0,0,3
2025-04-26,Headphones,Electronics,30,470,3000,0,0,6
2025-04-26,T-Shirt,Fashion,50,450,800,0,0,2
2025-04-26,Jeans,Fashion,50,423,1500,0,0,6
2025-04-26,Sneakers,Fashion,53,412,2500,0,0,2
2025-04-26,Rice,Groceries,78,420,60,0,0,3
2025-04-26,Milk,Groceries,74,435,30,0,0,4
2025-04-26,Coffee,Groceries,84,391,400,0,0,2
2025-04-27,Laptop,Electronics,41,444,70000,0,0,2
2025-04-27,Smartphone,Electronics,36,474,30000,0,0,7
2025-04-27,Headphones,Electronics,29,481,3000,0,0,3
2025-04-27,T-Shirt,Fashion,54,445,800,0,0,6
2025-04-27,Jeans,Fashion,56,431,1500,0,0,4
2025-04-27,Sneakers,Fashion,51,449,2500,0,0,6
2025-04-27,Rice,Groceries,72,393,60,0,0,7
2025-04-27,Milk,Groceries,77,444,30,0,0,5
2025-04-27,Coffee,Groceries,86,419,400,0,0,4
2025-04-28,Laptop,Electronics,30,485,70000,0,0,7
2025-04-28,Smartphone,Electronics,29,471,30000,0,0,5
2025-04-28,Headphones,Electronics,24,470,3000,0,0,5
2025-04-28,T-Shirt,Fashion,35,502,800,0,0,6
2025-04-28,Jeans,Fashion,61,415,1500,1,0,4
2025-04-28,Sneakers,Fashion,47,455,2500,0,0,3
2025-04-28,Rice,Groceries,73,402,60,0,0,4
2025-04-28,Milk,Groceries,77,406,30,0,0,4
2025-04-28,Coffee,Groceries,75,454,400,0,0,7
2025-04-29,Laptop,Electronics,28,502,70000,0,0,6
2025-04-29,Smartphone,Electronics,29,519,30000,0,0,5
2025-04-29,Headphones,Electronics,39,431,3000,0,0,2
2025-04-29,T-Shirt,Fashion,41,424,800,0,0,4
2025-04-29,Jeans,Fashion,49,453,1500,0,0,6
2025-04-29,Sneakers,Fashion,47,437,2500,0,0,2
2025-04-29,Rice,Groceries,74,414,60,0,0,2
2025-04-29,Milk,Groceries,80,423,30,0,0,3
2025-04-29,Coffee,Groceries,78,446,400,0,0,7
2025-04-30,Laptop,Electronics,46,459,70000,1,0,3
2025-04-30,Smartphone,Electronics,30,495,30000,0,0,2
2025-04-30,Headphones,Electronics,25,512,3000,0,0,2
2025-04-30,T-Shirt,Fashion,40,461,800,0,0,5
2025-04-30,Jeans,Fashion,54,413,1500,0,0,5
2025-04-30,Sneakers,Fashion,53,459,2500,0,0,5
2025-04-30,Rice,Groceries,81,380,60,0,0,6
2025-04-30,Milk,Groceries,87,428,30,0,0,3
2025-04-30,Coffee,Groceries,75,418,400,0,0,4
2025-05-01,Laptop,Electronics,36,459,70000,0,0,6
2025-05-01,Smartphone,Electronics,33,439,30000,0,0,6
2025-05-01,Headphones,Electronics,38,477,3000,0,0,3
2025-05-01,T-Shirt,Fashion,50,462,800,0,0,6
2025-05-01,Jeans,Fashion,75,410,1500,1,0,2
2025-05-01,Sneakers,Fashion,47,449,2500,0,0,6
2025-05-01,Rice,Groceries,82,450,60,0,0,3
2025-05-01,Milk,Groceries,75,417,30,0,0,4
2025-05-01,Coffee,Groceries,75,440,400,0,0,4
2025-05-02,Laptop,Electronics,41,459,70000,0,0,2
2025-05-02,Smartphone,Electronics,39,466,30000,0,0,7
2025-05-02,Headphones,Electronics,36,473,3000,0,0,4
2025-05-02,T-Shirt,Fashion,50,459,800,0,0,4
2025-05-02,Jeans,Fashion,57,431,1500,0,0,3
2025-05-02,Sneakers,Fashion,48,469,2500,0,0,7
2025-05-02,Rice,Groceries,82,425,60,0,0,2
2025-05-02,Milk,Groceries,76,438,30,0,0,4
2025-05-02,Coffee,Groceries,82,415,400,0,0,6
2025-05-03,Laptop,Electronics,45,468,70000,0,0,7
2025-05-03,Smartphone,Electronics,49,436,30000,0,0,7
2025-05-03,Headphones,Electronics,46,455,3000,0,0,4
2025-05-03,T-Shirt,Fashion,81,418,800,1,0,2
2025-05-03,Jeans,Fashion,67,461,1500,0,0,5
2025-05-03,Sneakers,Fashion,60,401,2500,0,0,6
2025-05-03,Rice,Groceries,108,344,60,1,0,6
2025-05-03,Milk,Groceries,109,375,30,1,0,5
2025-05-03,Coffee,Groceries,96,399,400,0,0,7
2025-05-04,Laptop,Electronics,46,464,70000,0,0,4
2025-05-04,Smartphone,Electronics,49,457,30000,0,0,7
2025-05-04,Headphones,Electronics,69,397,3000,1,0,6
2025-05-04,T-Shirt,Fashion,68,428,800,0,0,6
2025-05-04,Jeans,Fashion,63,424,1500,0,0,3
2025-05-04,Sneakers,Fashion,68,466,2500,0,0,6
2025-05-04,Rice,Groceries,100,393,60,0,0,6
2025-05-04,Milk,Groceries,88,448,30,0,0,2
2025-05-04,Coffee,Groceries,99,416,400,0,0,2
2025-05-05,Laptop,Electronics,66,431,70000,1,0,4
2025-05-05,Smartphone,Electronics,40,433,30000,0,0,2
2025-05-05,Headphones,Electronics,45,512,3000,0,0,7
2025-05-05,T-Shirt,Fashion,58,436,800,0,0,2
2025-05-05,Jeans,Fashion,52,470,1500,0,0,6
2025-05-05,Sneakers,Fashion,64,406,2500,0,0,5
2025-05-05,Rice,Groceries,88,415,60,0,0,7
2025-05-05,Milk,Groceries,86,404,30,0,0,3
2025-05-05,Coffee,Groceries,91,431,400,0,0,6
2025-05-06,Laptop,Electronics,45,454,70000,0,0,3
2025-05-06,Smartphone,Electronics,59,457,30000,1,0,2
2025-05-06,Headphones,Electronics,68,426,3000,1,0,6
2025-05-06,T-Shirt,Fashion,51,438,800,0,0,4
2025-05-06,Jeans,Fashion,59,418,1500,0,0,4
2025-05-06,Sneakers,Fashion,54,405,2500,0,0,4
2025-05-06,Rice,Groceries,98,400,60,1,0,3
2025-05-06,Milk,Groceries,95,385,30,0,0,3
2025-05-06,Coffee,Groceries,84,406,400,0,0,7
2025-05-07,Laptop,Electronics,59,460,70000,1,0,2
2025-05-07,Smartphone,Electronics,45,481,30000,0,0,6
2025-05-07,Headphones,Electronics,53,443,3000,0,0,5
2025-05-07,T-Shirt,Fashion,52,446,800,0,0,5
2025-05-07,Jeans,Fashion,56,426,1500,0,0,3
2025-05-07,Sneakers,Fashion,64,391,2500,0,0,4
2025-05-07,Rice,Groceries,88,384,60,0,0,5
2025-05-07,Milk,Groceries,93,433,30,0,0,7
2025-05-07,Coffee,Groceries,96,395,400,0,0,7
2025-05-08,Laptop,Electronics,43,454,70000,0,0,6
2025-05-08,Smartphone,Electronics,46,440,30000,0,0,3
2025-05-08,Headphones,Electronics,51,437,3000,0,0,3
2025-05-08,T-Shirt,Fashion,67,460,800,0,0,2
2025-05-08,Jeans,Fashion,85,424,1500,1,0,2
2025-05-08,Sneakers,Fashion,65,406,2500,0,0,3
2025-05-08,Rice,Groceries,96,411,60,0,0,7
2025-05-08,Milk,Groceries,92,406,30,0,0,3
2025-05-08,Coffee,Groceries,90,423,400,0,0,7
2025-05-09,Laptop,Electronics,44,427,70000,0,0,3
2025-05-09,Smartphone,Electronics,46,407,30000,0,0,6
2025-05-09,Headphones,Electronics,39,483,3000,0,0,3
2025-05-09,T-Shirt,Fashion,56,439,800,0,0,2
2025-05-09,Jeans,Fashion,57,427,1500,0,0,2
2025-05-09,Sneakers,Fashion,58,463,2500,0,0,5
2025-05-09,Rice,Groceries,92,403,60,0,0,6
2025-05-09,Milk,Groceries,98,414,30,0,0,6
2025-05-09,Coffee,Groceries,90,429,400,0,0,6
2025-05-10,Laptop,Electronics,47,474,70000,0,0,6
2025-05-10,Smartphone,Electronics,59,427,30000,0,0,5
2025-05-10,Headphones,Electronics,75,455,3000,1,0,4
2025-05-10,T-Shirt,Fashion,67,393,800,0,0,5
2025-05-10,Jeans,Fashion,69,434,1500,0,0,2
2025-05-10,Sneakers,Fashion,71,401,2500,0,0,6
2025-05-10,Rice,Groceries,98,418,60,0,0,5
2025-05-10,Milk,Groceries,94,427,30,0,0,4
2025-05-10,Coffee,Groceries,99,427,400,0,0,7
2025-05-11,Laptop,Electronics,53,454,70000,0,0,7
2025-05-11,Smartphone,Electronics,58,405,30000,0,0,5
2025-05-11,Headphones,Electronics,62,432,3000,0,0,7
2025-05-11,T-Shirt,Fashion,63,418,800,0,0,3
2025-05-11,Jeans,Fashion,62,432,1500,0,0,5
2025-05-11,Sneakers,Fashion,66,444,2500,0,0,7
2025-05-11,Rice,Groceries,96,414,60,0,0,7
2025-05-11,Milk,Groceries,91,406,30,0,0,5
2025-05-11,Coffee,Groceries,89,387,400,0,0,2
2025-05-12,Laptop,Electronics,36,467,70000,0,0,4
2025-05-12,Smartphone,Electronics,71,427,30000,1,0,5
2025-05-12,Headphones,Electronics,44,452,3000,0,0,7
2025-05-12,T-Shirt,Fashion,62,427,800,0,0,7
2025-05-12,Jeans,Fashion,58,415,1500,0,0,4
2025-05-12,Sneakers,Fashion,60,448,2500,0,0,4
2025-05-12,Rice,Groceries,90,424,60,0,0,6
2025-05-12,Milk,Groceries,81,429,30,0,0,2
2025-05-12,Coffee,Groceries,90,420,400,0,0,7
2025-05-13,Laptop,Electronics,37,500,70000,0,0,7
2025-05-13,Smartphone,Electronics,36,476,30000,0,0,7
2025-05-13,Headphones,Electronics,43,467,3000,0,0,2
2025-05-13,T-Shirt,Fashion,50,456,800,0,0,3
2025-05-13,Jeans,Fashion,56,461,1500,0,0,4
2025-05-13,Sneakers,Fashion,78,450,2500,1,0,6
2025-05-13,Rice,Groceries,92,440,60,0,0,2
2025-05-13,Milk,Groceries,82,409,30,0,0,5
2025-05-13,Coffee,Groceries,83,427,400,0,0,6
2025-05-14,Laptop,Electronics,44,456,70000,0,0,3
2025-05-14,Smartphone,Electronics,29,486,30000,0,0,5
2025-05-14,Headphones,Electronics,48,452,3000,1,0,7
2025-05-14,T-Shirt,Fashion,52,464,800,0,0,3
2025-05-14,Jeans,Fashion,74,420,1500,1,0,3
2025-05-14,Sneakers,Fashion,59,417,2500,0,0,6
2025-05-14,Rice,Groceries,77,434,60,0,0,2
2025-05-14,Milk,Groceries,81,431,30,0,0,4
2025-05-14,Coffee,Groceries,81,441,400,0,0,3
2025-05-15,Laptop,Electronics,42,453,70000,0,0,3
2025-05-15,Smartphone,Electronics,44,427,30000,0,0,4
2025-05-15,Headphones,Electronics,27,488,3000,0,0,6
2025-05-15,T-Shirt,Fashion,69,402,800,1,0,2
2025-05-15,Jeans,Fashion,80,436,1500,1,0,5
2025-05-15,Sneakers,Fashion,46,474,2500,0,0,3
2025-05-15,Rice,Groceries,77,399,60,0,0,3
2025-05-15,Milk,Groceries,86,413,30,0,0,6
2025-05-15,Coffee,Groceries,81,410,400,0,0,4
2025-05-16,Laptop,Electronics,38,518,70000,0,0,5
2025-05-16,Smartphone,Electronics,56,477,30000,1,0,6
2025-05-16,Headphones,Electronics,36,453,3000,0,0,3
2025-05-16,T-Shirt,Fashion,48,450,800,0,0,7
2025-05-16,Jeans,Fashion,54,441,1500,0,0,6
2025-05-16,Sneakers,Fashion,45,473,2500,0,0,7
2025-05-16,Rice,Groceries,83,439,60,0,0,5
2025-05-16,Milk,Groceries,72,425,30,0,0,3
2025-05-16,Coffee,Groceries,99,403,400,1,0,6
2025-05-17,Laptop,Electronics,39,453,70000,0,0,6
2025-05-17,Smartphone,Electronics,62,446,30000,1,0,3
2025-05-17,Headphones,Electronics,47,448,3000,0,0,2
2025-05-17,T-Shirt,Fashion,60,441,800,0,0,7
2025-05-17,Jeans,Fashion,54,419,1500,0,0,6
2025-05-17,Sneakers,Fashion,58,438,2500,0,0,5
2025-05-17,Rice,Groceries,88,386,60,0,0,6
2025-05-17,Milk,Groceries,108,380,30,1,0,7
2025-05-17,Coffee,Groceries,78,410,400,0,0,3
2025-05-18,Laptop,Electronics,44,446,70000,0,0,4
2025-05-18,Smartphone,Electronics,41,472,30000,0,0,7
2025-05-18,Headphones,Electronics,44,440,3000,0,0,5
2025-05-18,T-Shirt,Fashion,52,437,800,0,0,5
2025-05-18,Jeans,Fashion,53,440,1500,0,0,3
2025-05-18,Sneakers,Fashion,49,457,2500,0,0,4
2025-05-18,Rice,Groceries,88,416,60,0,0,3
2025-05-18,Milk,Groceries,79,456,30,0,0,2
2025-05-18,Coffee,Groceries,76,434,400,0,0,2
2025-05-19,Laptop,Electronics,27,474,70000,0,0,4
2025-05-19,Smartphone,Electronics,28,494,30000,0,0,3
2025-05-19,Headphones,Electronics,31,475,3000,0,0,5
2025-05-19,T-Shirt,Fashion,63,399,800,1,0,4
2025-05-19,Jeans,Fashion,40,459,1500,0,0,6
2025-05-19,Sneakers,Fashion,42,464,2500,0,0,7
2025-05-19,Rice,Groceries,64,438,60,0,0,3
2025-05-19,Milk,Groceries,80,451,30,0,0,7
2025-05-19,Coffee,Groceries,79,406,400,0,0,6
2025-05-20,Laptop,Electronics,33,458,70000,0,0,3
2025-05-20,Smartphone,Electronics,25,472,30000,0,0,3
2025-05-20,Headphones,Electronics,22,497,3000,0,0,6
2025-05-20,T-Shirt,Fashion,45,452,800,0,0,4
2025-05-20,Jeans,Fashion,44,461,1500,0,0,6
2025-05-20,Sneakers,Fashion,47,453,2500,0,0,3
2025-05-20,Rice,Groceries,77,425,60,0,0,6
2025-05-20,Milk,Groceries,64,448,30,0,0,6
2025-05-20,Coffee,Groceries,76,456,400,0,0,3
2025-05-21,Laptop,Electronics,28,414,70000,0,0,5
2025-05-21,Smartphone,Electronics,25,464,30000,0,0,7
2025-05-21,Headphones,Electronics,30,472,3000,0,0,2
2025-05-21,T-Shirt,Fashion,42,466,800,0,0,7
2025-05-21,Jeans,Fashion,41,470,1500,0,0,2
2025-05-21,Sneakers,Fashion,50,456,2500,0,0,4
2025-05-21,Rice,Groceries,81,464,60,0,0,5
2025-05-21,Milk,Groceries,70,427,30,0,0,7
2025-05-21,Coffee,Groceries,72,415,400,0,0,3
2025-05-22,Laptop,Electronics,22,488,70000,0,0,2
2025-05-22,Smartphone,Electronics,45,451,30000,1,0,4
2025-05-22,Headphones,Electronics,30,459,3000,0,0,2
2025-05-22,T-Shirt,Fashion,36,479,800,0,0,4
2025-05-22,Jeans,Fashion,41,502,1500,0,0,3
2025-05-22,Sneakers,Fashion,41,449,2500,0,0,4
2025-05-22,Rice,Groceries,75,428,60,0,0,7
2025-05-22,Milk,Groceries,84,447,30,1,0,5
2025-05-22,Coffee,Groceries,75,419,400,0,0,7
2025-05-23,Laptop,Electronics,30,513,70000,0,0,7
2025-05-23,Smartphone,Electronics,15,473,30000,0,0,4
2025-05-23,Headphones,Electronics,22,470,3000,0,0,6
2025-05-23,T-Shirt,Fashion,39,450,800,0,0,2
2025-05-23,Jeans,Fashion,40,491,1500,0,0,3
2025-05-23,Sneakers,Fashion,41,459,2500,0,0,5
2025-05-23,Rice,Groceries,69,383,60,0,0,3
2025-05-23,Milk,Groceries,77,435,30,0,0,7
2025-05-23,Coffee,Groceries,74,437,400,0,0,6
2025-05-24,Laptop,Electronics,30,463,70000,0,0,3
2025-05-24,Smartphone,Electronics,32,452,30000,0,0,2
2025-05-24,Headphones,Electronics,27,475,3000,0,0,2
2025-05-24,T-Shirt,Fashion,52,466,800,0,0,2
2025-05-24,Jeans,Fashion,41,427,1500,0,0,5
2025-05-24,Sneakers,Fashion,40,417,2500,0,0,6
2025-05-24,Rice,Groceries,72,410,60,0,0,5
2025-05-24,Milk,Groceries,79,413,30,0,0,6
2025-05-24,Coffee,Groceries,72,450,400,0,0,4
2025-05-25,Laptop,Electronics,30,459,70000,0,0,4
2025-05-25,Smartphone,Electronics,38,450,30000,0,0,4
2025-05-25,Headphones,Electronics,34,447,3000,0,0,6
2025-05-25,T-Shirt,Fashion,70,417,800,1,0,6
2025-05-25,Jeans,Fashion,49,416,1500,0,0,7
2025-05-25,Sneakers,Fashion,78,442,2500,1,0,3
2025-05-25,Rice,Groceries,78,413,60,0,0,6
2025-05-25,Milk,Groceries,78,395,30,0,0,2
2025-05-25,Coffee,Groceries,88,373,400,0,0,2
2025-05-26,Laptop,Electronics,23,459,70000,0,0,7
2025-05-26,Smartphone,Electronics,29,484,30000,0,0,2
2025-05-26,Headphones,Electronics,26,462,3000,0,0,2
2025-05-26,T-Shirt,Fashion,49,401,800,0,0,3
2025-05-26,Jeans,Fashion,40,443,1500,0,0,3
2025-05-26,Sneakers,Fashion,39,457,2500,0,0,7
2025-05-26,Rice,Groceries,71,450,60,0,0,2
2025-05-26,Milk,Groceries,70,446,30,0,0,6
2025-05-26,Coffee,Groceries,64,457,400,0,0,6
2025-05-27,Laptop,Electronics,24,467,70000,0,0,6
2025-05-27,Smartphone,Electronics,33,458,30000,0,0,6
2025-05-27,Headphones,Electronics,24,482,3000,0,0,2
2025-05-27,T-Shirt,Fashion,61,443,800,1,0,5
2025-05-27,Jeans,Fashion,44,482,1500,0,0,4
2025-05-27,Sneakers,Fashion,47,471,2500,0,0,6
2025-05-27,Rice,Groceries,73,414,60,0,0,4
2025-05-27,Milk,Groceries,74,408,30,0,0,2
2025-05-27,Coffee,Groceries,89,409,400,1,0,4
2025-05-28,Laptop,Electronics,29,457,70000,0,0,3
2025-05-28,Smartphone,Electronics,23,427,30000,0,0,6
2025-05-28,Headphones,Electronics,45,424,3000,1,0,6
2025-05-28,T-Shirt,Fashion,43,461,800,0,0,3
2025-05-28,Jeans,Fashion,46,468,1500,0,0,3
2025-05-28,Sneakers,Fashion,39,438,2500,0,0,7
2025-05-28,Rice,Groceries,76,409,60,0,0,6
2025-05-28,Milk,Groceries,70,428,30,0,0,7
2025-05-28,Coffee,Groceries,88,412,400,0,0,7
2025-05-29,Laptop,Electronics,29,481,70000,0,0,6
2025-05-29,Smartphone,Electronics,24,459,30000,0,0,7
2025-05-29,Headphones,Electronics,29,494,3000,0,0,2
2025-05-29,T-Shirt,Fashion,54,461,800,0,0,3
2025-05-29,Jeans,Fashion,43,447,1500,0,0,7
2025-05-29,Sneakers,Fashion,45,466,2500,0,0,6
2025-05-29,Rice,Groceries,76,412,60,0,0,7
2025-05-29,Milk,Groceries,87,419,30,1,0,4
2025-05-29,Coffee,Groceries,81,455,400,0,0,6
2025-05-30,Laptop,Electronics,30,446,70000,0,0,4
2025-05-30,Smartphone,Electronics,38,446,30000,0,0,4
2025-05-30,Headphones,Electronics,47,462,3000,1,0,7
2025-05-30,T-Shirt,Fashion,39,479,800,0,0,6
2025-05-30,Jeans,Fashion,52,458,1500,0,0,5
2025-05-30,Sneakers,Fashion,51,448,2500,0,0,5
2025-05-30,Rice,Groceries,78,420,60,0,0,5
2025-05-30,Milk,Groceries,101,386,30,1,0,4
2025-05-30,Coffee,Groceries,75,427,400,0,0,6
2025-05-31,Laptop,Electronics,45,443,70000,0,0,5
2025-05-31,Smartphone,Electronics,46,438,30000,0,0,4
2025-05-31,Headphones,Electronics,45,437,3000,0,0,4
2025-05-31,T-Shirt,Fashion,62,437,800,0,0,6
2025-05-31,Jeans,Fashion,53,419,1500,0,0,4
2025-05-31,Sneakers,Fashion,60,432,2500,0,0,2
2025-05-31,Rice,Groceries,91,414,60,0,0,5
2025-05-31,Milk,Groceries,83,428,30,0,0,6
2025-05-31,Coffee,Groceries,85,396,400,0,0,7
2025-06-01,Laptop,Electronics,47,506,70000,0,0,4
2025-06-01,Smartphone,Electronics,39,471,30000,0,0,6
2025-06-01,Headphones,Electronics,44,451,3000,0,0,3
2025-06-01,T-Shirt,Fashion,62,479,800,0,0,6
2025-06-01,Jeans,Fashion,62,382,1500,0,0,4
2025-06-01,Sneakers,Fashion,65,458,2500,0,0,4
2025-06-01,Rice,Groceries,87,406,60,0,0,4
2025-06-01,Milk,Groceries,91,402,30,0,0,6
2025-06-01,Coffee,Groceries,87,354,400,0,0,7
2025-06-02,Laptop,Electronics,44,440,70000,0,0,3
2025-06-02,Smartphone,Electronics,42,431,30000,0,0,5
2025-06-02,Headphones,Electronics,41,454,3000,0,0,6
2025-06-02,T-Shirt,Fashion,47,431,800,0,0,3
2025-06-02,Jeans,Fashion,61,410,1500,0,0,2
2025-06-02,Sneakers,Fashion,58,445,2500,0,0,5
2025-06-02,Rice,Groceries,88,387,60,0,0,5
2025-06-02,Milk,Groceries,84,412,30,0,0,6
2025-06-02,Coffee,Groceries,81,402,400,0,0,7
2025-06-03,Laptop,Electronics,37,475,70000,0,0,6
2025-06-03,Smartphone,Electronics,34,502,30000,0,0,6
2025-06-03,Headphones,Electronics,67,450,3000,1,0,3
2025-06-03,T-Shirt,Fashion,55,406,800,0,0,3
2025-06-03,Jeans,Fashion,52,458,1500,0,0,2
2025-06-03,Sneakers,Fashion,50,450,2500,0,0,7
2025-06-03,Rice,Groceries,85,418,60,0,0,7
2025-06-03,Milk,Groceries,80,387,30,0,0,2
2025-06-03,Coffee,Groceries,114,356,400,1,0,3
2025-06-04,Laptop,Electronics,38,448,70000,0,0,6
2025-06-04,Smartphone,Electronics,36,464,30000,0,0,2
2025-06-04,Headphones,Electronics,47,477,3000,0,0,4
2025-06-04,T-Shirt,Fashion,57,436,800,0,0,7
2025-06-04,Jeans,Fashion,60,424,1500,0,0,5
2025-06-04,Sneakers,Fashion,65,426,2500,0,0,3
2025-06-04,Rice,Groceries,83,377,60,0,0,6
2025-06-04,Milk,Groceries,79,410,30,0,0,6
2025-06-04,Coffee,Groceries,84,417,400,0,0,3
2025-06-05,Laptop,Electronics,36,490,70000,0,0,2
2025-06-05,Smartphone,Electronics,57,431,30000,0,0,2
2025-06-05,Headphones,Electronics,51,462,3000,0,0,5
2025-06-05,T-Shirt,Fashion,50,445,800,0,0,7
2025-06-05,Jeans,Fashion,53,386,1500,0,0,5
2025-06-05,Sneakers,Fashion,53,449,2500,0,0,3
2025-06-05,Rice,Groceries,102,394,60,1,0,4
2025-06-05,Milk,Groceries,94,403,30,0,0,3
2025-06-05,Coffee,Groceries,91,356,400,0,0,3
2025-06-06,Laptop,Electronics,58,461,70000,1,0,2
2025-06-06,Smartphone,Electronics,35,452,30000,0,0,5
2025-06-06,Headphones,Electronics,48,432,3000,0,0,6
2025-06-06,T-Shirt,Fashion,79,402,800,1,0,6
2025-06-06,Jeans,Fashion,63,459,1500,0,0,7
2025-06-06,Sneakers,Fashion,57,445,2500,0,0,3
2025-06-06,Rice,Groceries,105,389,60,1,0,4
2025-06-06,Milk,Groceries,88,417,30,0,0,4
2025-06-06,Coffee,Groceries,91,391,400,0,0,3
2025-06-07,Laptop,Electronics,56,455,70000,0,0,6
2025-06-07,Smartphone,Electronics,53,424,30000,0,0,5
2025-06-07,Headphones,Electronics,55,455,3000,0,0,7
2025-06-07,T-Shirt,Fashion,65,450,800,0,0,4
2025-06-07,Jeans,Fashion,58,463,1500,0,0,2
2025-06-07,Sneakers,Fashion,69,430,2500,0,0,5
2025-06-07,Rice,Groceries,101,401,60,0,0,6
2025-06-07,Milk,Groceries,98,395,30,0,0,6
2025-06-07,Coffee,Groceries,100,420,400,0,0,2
2025-06-08,Laptop,Electronics,52,479,70000,0,0,2
2025-06-08,Smartphone,Electronics,58,444,30000,0,0,4
2025-06-08,Headphones,Electronics,48,452,3000,0,0,7
2025-06-08,T-Shirt,Fashion,71,432,800,0,0,6
2025-06-08,Jeans,Fashion,65,442,1500,0,0,3
2025-06-08,Sneakers,Fashion,65,450,2500,0,0,6
2025-06-08,Rice,Groceries,96,395,60,0,0,5
2025-06-08,Milk,Groceries,95,410,30,0,0,6
2025-06-08,Coffee,Groceries,119,392,400,1,0,2
2025-06-09,Laptop,Electronics,48,432,70000,0,0,3
2025-06-09,Smartphone,Electronics,45,475,30000,0,0,5
2025-06-09,Headphones,Electronics,39,458,3000,0,0,6
2025-06-09,T-Shirt,Fashion,59,421,800,0,0,2
2025-06-09,Jeans,Fashion,48,443,1500,0,0,3
2025-06-09,Sneakers,Fashion,64,429,2500,0,0,6
2025-06-09,Rice,Groceries,87,409,60,0,0,3
2025-06-09,Milk,Groceries,90,415,30,0,0,4
2025-06-09,Coffee,Groceries,89,440,400,0,0,5
2025-06-10,Laptop,Electronics,44,449,70000,0,0,6
2025-06-10,Smartphone,Electronics,46,415,30000,0,0,7
2025-06-10,Headphones,Electronics,46,452,3000,0,0,5
2025-06-10,T-Shirt,Fashion,58,414,800,0,0,4
2025-06-10,Jeans,Fashion,61,420,1500,0,0,6
2025-06-10,Sneakers,Fashion,49,449,2500,0,0,2
2025-06-10,Rice,Groceries,109,406,60,1,0,6
2025-06-10,Milk,Groceries,90,405,30,0,0,7
2025-06-10,Coffee,Groceries,82,412,400,0,0,6
2025-06-11,Laptop,Electronics,42,431,70000,0,0,3
2025-06-11,Smartphone,Electronics,45,451,30000,0,0,3
2025-06-11,Headphones,Electronics,42,475,3000,0,0,4
2025-06-11,T-Shirt,Fashion,81,395,800,1,0,4
2025-06-11,Jeans,Fashion,56,426,1500,0,0,4
2025-06-11,Sneakers,Fashion,57,472,2500,0,0,4
2025-06-11,Rice,Groceries,83,388,60,0,0,6
2025-06-11,Milk,Groceries,86,396,30,0,0,3
2025-06-11,Coffee,Groceries,87,436,400,0,0,5
2025-06-12,Laptop,Electronics,38,471,70000,0,0,3
2025-06-12,Smartphone,Electronics,43,437,30000,0,0,4
2025-06-12,Headphones,Electronics,37,471,3000,0,0,7
2025-06-12,T-Shirt,Fashion,58,448,800,0,0,5
2025-06-12,Jeans,Fashion,56,443,1500,0,0,6
2025-06-12,Sneakers,Fashion,53,409,2500,0,0,2
2025-06-12,Rice,Groceries,86,439,60,0,0,7
2025-06-12,Milk,Groceries,86,433,30,0,0,3
2025-06-12,Coffee,Groceries,79,429,400,0,0,7
2025-06-13,Laptop,Electronics,55,464,70000,1,0,7
2025-06-13,Smartphone,Electronics,39,480,30000,0,0,3
2025-06-13,Headphones,Electronics,34,432,3000,0,0,3
2025-06-13,T-Shirt,Fashion,68,448,800,1,0,5
2025-06-13,Jeans,Fashion,51,456,1500,0,0,3
2025-06-13,Sneakers,Fashion,57,461,2500,0,0,5
2025-06-13,Rice,Groceries,81,416,60,0,0,6
2025-06-13,Milk,Groceries,90,372,30,0,0,5
2025-06-13,Coffee,Groceries,71,429,400,0,0,3
2025-06-14,Laptop,Electronics,51,474,70000,0,0,4
2025-06-14,Smartphone,Electronics,39,474,30000,0,0,3
2025-06-14,Headphones,Electronics,49,467,3000,0,0,3
2025-06-14,T-Shirt,Fashion,60,422,800,0,0,4
2025-06-14,Jeans,Fashion,65,391,1500,0,0,5
2025-06-14,Sneakers,Fashion,57,453,2500,0,0,3
2025-06-14,Rice,Groceries,83,418,60,0,0,3
2025-06-14,Milk,Groceries,92,408,30,0,0,4
2025-06-14,Coffee,Groceries,96,428,400,0,0,6
2025-06-15,Laptop,Electronics,51,469,70000,0,0,6
2025-06-15,Smartphone,Electronics,48,458,30000,0,0,6
2025-06-15,Headphones,Electronics,46,473,3000,0,0,2
2025-06-15,T-Shirt,Fashion,53,448,800,0,0,2
2025-06-15,Jeans,Fashion,60,437,1500,0,0,6
2025-06-15,Sneakers,Fashion,72,448,2500,1,0,7
2025-06-15,Rice,Groceries,83,439,60,0,0,4
2025-06-15,Milk,Groceries,88,408,30,0,0,7
2025-06-15,Coffee,Groceries,77,403,400,0,0,3
2025-06-16,Laptop,Electronics,30,492,70000,0,0,7
2025-06-16,Smartphone,Electronics,28,452,30000,0,0,5
2025-06-16,Headphones,Electronics,23,489,3000,0,0,6
2025-06-16,T-Shirt,Fashion,48,499,800,0,0,2
2025-06-16,Jeans,Fashion,39,420,1500,0,0,2
2025-06-16,Sneakers,Fashion,63,388,2500,1,0,2
2025-06-16,Rice,Groceries,77,427,60,0,0,5
2025-06-16,Milk,Groceries,81,402,30,0,0,2
2025-06-16,Coffee,Groceries,68,425,400,0,0,4
2025-06-17,Laptop,Electronics,36,473,70000,0,0,5
2025-06-17,Smartphone,Electronics,29,491,30000,0,0,2
2025-06-17,Headphones,Electronics,29,500,3000,0,0,3
2025-06-17,T-Shirt,Fashion,49,449,800,0,0,5
2025-06-17,Jeans,Fashion,46,471,1500,0,0,6
2025-06-17,Sneakers,Fashion,48,475,2500,0,0,2
2025-06-17,Rice,Groceries,69,456,60,0,0,7
2025-06-17,Milk,Groceries,77,441,30,0,0,5
2025-06-17,Coffee,Groceries,79,426,400,0,0,7
2025-06-18,Laptop,Electronics,27,497,70000,0,0,2
2025-06-18,Smartphone,Electronics,24,483,30000,0,0,5
2025-06-18,Headphones,Electronics,18,481,3000,0,0,5
2025-06-18,T-Shirt,Fashion,47,460,800,0,0,6
2025-06-18,Jeans,Fashion,44,462,1500,0,0,7
2025-06-18,Sneakers,Fashion,49,434,2500,0,0,5
2025-06-18,Rice,Groceries,72,423,60,0,0,3
2025-06-18,Milk,Groceries,97,420,30,1,0,7
2025-06-18,Coffee,Groceries,90,408,400,1,0,7
2025-06-19,Laptop,Electronics,29,460,70000,0,0,2
2025-06-19,Smartphone,Electronics,35,478,30000,0,0,4
2025-06-19,Headphones,Electronics,23,476,3000,0,0,7
2025-06-19,T-Shirt,Fashion,37,465,800,0,0,4
2025-06-19,Jeans,Fashion,47,473,1500,0,0,4
2025-06-19,Sneakers,Fashion,40,453,2500,0,0,3
2025-06-19,Rice,Groceries,88,411,60,1,0,7
2025-06-19,Milk,Groceries,72,417,30,0,0,7
2025-06-19,Coffee,Groceries,70,427,400,0,0,3
2025-06-20,Laptop,Electronics,49,458,70000,1,0,4
2025-06-20,Smartphone,Electronics,22,479,30000,0,0,4
2025-06-20,Headphones,Electronics,41,473,3000,1,0,4
2025-06-20,T-Shirt,Fashion,41,475,800,0,0,7
2025-06-20,Jeans,Fashion,45,482,1500,0,0,6
2025-06-20,Sneakers,Fashion,44,455,2500,0,0,4
2025-06-20,Rice,Groceries,75,455,60,0,0,3
2025-06-20,Milk,Groceries,68,404,30,0,0,6
2025-06-20,Coffee,Groceries,70,428,400,0,0,3
2025-06-21,Laptop,Electronics,32,467,70000,0,0,5
2025-06-21,Smartphone,Electronics,35,430,30000,0,0,6
2025-06-21,Headphones,Electronics,31,471,3000,0,0,2
2025-06-21,T-Shirt,Fashion,48,480,800,0,0,7
2025-06-21,Jeans,Fashion,46,442,1500,0,0,4
2025-06-21,Sneakers,Fashion,48,456,2500,0,0,6
2025-06-21,Rice,Groceries,103,388,60,1,0,3
2025-06-21,Milk,Groceries,76,408,30,0,0,3
2025-06-21,Coffee,Groceries,82,394,400,0,0,6
2025-06-22,Laptop,Electronics,37,492,70000,0,0,7
2025-06-22,Smartphone,Electronics,28,471,30000,0,0,2
2025-06-22,Headphones,Electronics,32,445,3000,0,0,2
2025-06-22,T-Shirt,Fashion,38,459,800,0,0,4
2025-06-22,Jeans,Fashion,43,485,1500,0,0,7
2025-06-22,Sneakers,Fashion,43,445,2500,0,0,7
2025-06-22,Rice,Groceries,84,396,60,0,0,6
2025-06-22,Milk,Groceries,84,400,30,0,0,5
2025-06-22,Coffee,Groceries,80,398,400,0,0,7
2025-06-23,Laptop,Electronics,24,483,70000,0,0,5
2025-06-23,Smartphone,Electronics,55,445,30000,1,0,3
2025-06-23,Headphones,Electronics,26,461,3000,0,0,7
2025-06-23,T-Shirt,Fashion,35,485,800,0,0,6
2025-06-23,Jeans,Fashion,30,461,1500,0,0,4
2025-06-23,Sneakers,Fashion,35,483,2500,0,0,7
2025-06-23,Rice,Groceries,71,433,60,0,0,2
2025-06-23,Milk,Groceries,57,484,30,0,0,3
2025-06-23,Coffee,Groceries,73,428,400,0,0,4
2025-06-24,Laptop,Electronics,26,458,70000,0,0,6
2025-06-24,Smartphone,Electronics,26,463,30000,0,0,2
2025-06-24,Headphones,Electronics,34,466,3000,0,0,7
2025-06-24,T-Shirt,Fashion,55,423,800,0,0,5
2025-06-24,Jeans,Fashion,58,438,1500,1,0,5
2025-06-24,Sneakers,Fashion,36,497,2500,0,0,5
2025-06-24,Rice,Groceries,70,414,60,0,0,6
2025-06-24,Milk,Groceries,78,415,30,0,0,4
2025-06-24,Coffee,Groceries,67,438,400,0,0,4
2025-06-25,Laptop,Electronics,30,478,70000,0,0,3
2025-06-25,Smartphone,Electronics,18,443,30000,0,0,5
2025-06-25,Headphones,Electronics,22,455,3000,0,0,3
2025-06-25,T-Shirt,Fashion,31,485,800,0,0,4
2025-06-25,Jeans,Fashion,43,462,1500,0,0,5
2025-06-25,Sneakers,Fashion,38,471,2500,0,0,7
2025-06-25,Rice,Groceries,75,431,60,0,0,4
2025-06-25,Milk,Groceries,64,450,30,0,0,3
2025-06-25,Coffee,Groceries,74,418,400,0,0,4
2025-06-26,Laptop,Electronics,33,445,70000,0,0,3
2025-06-26,Smartphone,Electronics,32,444,30000,0,0,4
2025-06-26,Headphones,Electronics,24,489,3000,0,0,3
2025-06-26,T-Shirt,Fashion,50,458,800,0,0,4
2025-06-26,Jeans,Fashion,34,495,1500,0,0,2
2025-06-26,Sneakers,Fashion,39,488,2500,0,0,2
2025-06-26,Rice,Groceries,74,434,60,0,0,5
2025-06-26,Milk,Groceries,76,429,30,0,0,5
2025-06-26,Coffee,Groceries,65,428,400,0,0,3
2025-06-27,Laptop,Electronics,25,471,70000,0,0,7
2025-06-27,Smartphone,Electronics,41,442,30000,0,0,4
2025-06-27,Headphones,Electronics,27,497,3000,0,0,2
2025-06-27,T-Shirt,Fashion,49,454,800,0,0,5
2025-06-27,Jeans,Fashion,43,453,1500,0,0,5
2025-06-27,Sneakers,Fashion,39,472,2500,0,0,6
2025-06-27,Rice,Groceries,74,406,60,0,0,2
2025-06-27,Milk,Groceries,76,430,30,0,0,2
2025-06-27,Coffee,Groceries,76,389,400,0,0,2
2025-06-28,Laptop,Electronics,36,455,70000,0,0,3
2025-06-28,Smartphone,Electronics,53,427,30000,1,0,4
2025-06-28,Headphones,Electronics,50,482,3000,0,0,5
2025-06-28,T-Shirt,Fashion,52,463,800,0,0,6
2025-06-28,Jeans,Fashion,48,460,1500,0,0,4
2025-06-28,Sneakers,Fashion,52,481,2500,0,0,3
2025-06-28,Rice,Groceries,82,396,60,0,0,6
2025-06-28,Milk,Groceries,89,392,30,0,0,3
2025-06-28,Coffee,Groceries,73,455,400,0,0,3
2025-06-29,Laptop,Electronics,32,449,70000,0,0,2
2025-06-29,Smartphone,Electronics,50,473,30000,0,0,4
2025-06-29,Headphones,Electronics,43,467,3000,0,0,2
2025-06-29,T-Shirt,Fashion,49,428,800,0,0,6
2025-06-29,Jeans,Fashion,56,435,1500,0,0,2
2025-06-29,Sneakers,Fashion,56,430,2500,0,0,3
2025-06-29,Rice,Groceries,85,452,60,0,0,3
2025-06-29,Milk,Groceries,109,407,30,1,0,3
2025-06-29,Coffee,Groceries,82,405,400,0,0,5
